SET NOCOUNT ON;

IF OBJECT_ID('dbo.[Order]', 'U') IS NOT NULL DROP TABLE dbo.[Order];
IF OBJECT_ID('dbo.Product', 'U') IS NOT NULL DROP TABLE dbo.Product;
IF OBJECT_ID('dbo.[User]', 'U') IS NOT NULL DROP TABLE dbo.[User];
GO

CREATE TABLE dbo.[User]
(
    ID           INT IDENTITY(1,1) NOT NULL CONSTRAINT PK_User PRIMARY KEY,
    Email        NVARCHAR(255)     NOT NULL CONSTRAINT UQ_User_Email UNIQUE,
    [Name]       NVARCHAR(150)     NOT NULL,
    [Address]    NVARCHAR(300)     NULL,
    [Password]   NVARCHAR(255)     NOT NULL
);
GO

CREATE TABLE dbo.Product
(
    ProId     INT IDENTITY(1,1) NOT NULL CONSTRAINT PK_Product PRIMARY KEY,
    ProName   NVARCHAR(200)     NOT NULL,
    [Des]     NVARCHAR(1000)    NULL,
    Quantity  INT              NOT NULL CONSTRAINT DF_Product_Quantity DEFAULT (0),
    Price     DECIMAL(18,2)     NOT NULL CONSTRAINT DF_Product_Price DEFAULT (0),
    Unit      NVARCHAR(50)      NULL,
    UserID    INT              NOT NULL,
    CONSTRAINT CK_Product_Quantity CHECK (Quantity >= 0),
    CONSTRAINT CK_Product_Price CHECK (Price >= 0),
    CONSTRAINT FK_Product_User FOREIGN KEY (UserID)
        REFERENCES dbo.[User](ID)
);
GO

CREATE TABLE dbo.[Order]
(
    OrderId        INT IDENTITY(1,1) NOT NULL CONSTRAINT PK_Order PRIMARY KEY,
    UserID         INT              NOT NULL,
    ProId          INT              NOT NULL,
    OrderQuantity  INT              NOT NULL,
    OrderTime      DATETIME2(0)     NOT NULL CONSTRAINT DF_Order_OrderTime DEFAULT (SYSDATETIME()),
    CustomerName   NVARCHAR(150)    NULL,
    CustomerSdt    NVARCHAR(20)     NULL,
    CONSTRAINT CK_Order_OrderQuantity CHECK (OrderQuantity > 0),
    CONSTRAINT FK_Order_User FOREIGN KEY (UserID)
        REFERENCES dbo.[User](ID),
    CONSTRAINT FK_Order_Product FOREIGN KEY (ProId)
        REFERENCES dbo.Product(ProId)
);
GO

CREATE INDEX IX_Product_UserID ON dbo.Product(UserID);
CREATE INDEX IX_Order_UserID   ON dbo.[Order](UserID);
CREATE INDEX IX_Order_ProId    ON dbo.[Order](ProId);
GO

SET IDENTITY_INSERT dbo.[User] ON;

INSERT INTO dbo.[User] (ID, Email, [Name], [Address], [Password]) VALUES (1, N'phamvantri1@gmail.com', N'Phạm Văn Trí', N'152 Trần Hưng Đạo, Phường 7, Quận 5, Hà Nội', N'123456');
INSERT INTO dbo.[User] (ID, Email, [Name], [Address], [Password]) VALUES (2, N'vuphuongquan2@gmail.com', N'Vũ Phương Quân', N'154 Nguyễn Trãi, Phường 5, TP Thủ Đức, Nha Trang', N'123456');
INSERT INTO dbo.[User] (ID, Email, [Name], [Address], [Password]) VALUES (3, N'hominhphuc3@gmail.com', N'Hồ Minh Phúc', N'162 Bạch Đằng, Phường Bến Thành, Quận Bình Thạnh, Cần Thơ', N'123456');
INSERT INTO dbo.[User] (ID, Email, [Name], [Address], [Password]) VALUES (4, N'vominhson4@gmail.com', N'Võ Minh Sơn', N'99 Võ Thị Sáu, Phường Thảo Điền, Quận 7, Đà Nẵng', N'123456');
INSERT INTO dbo.[User] (ID, Email, [Name], [Address], [Password]) VALUES (5, N'phankytrang5@gmail.com', N'Phan Kỳ Trang', N'173 Trần Hưng Đạo, Phường Tân Định, Quận Tân Bình, Biên Hòa', N'123456');
INSERT INTO dbo.[User] (ID, Email, [Name], [Address], [Password]) VALUES (6, N'lyminhtu6@gmail.com', N'Lý Minh Tú', N'36 Lê Lợi, Phường 5, Quận 5, Biên Hòa', N'123456');
INSERT INTO dbo.[User] (ID, Email, [Name], [Address], [Password]) VALUES (7, N'buihongkhanh7@gmail.com', N'Bùi Hồng Khanh', N'234 Hai Bà Trưng, Phường 15, Quận 1, Hải Phòng', N'123456');
INSERT INTO dbo.[User] (ID, Email, [Name], [Address], [Password]) VALUES (8, N'nguyentrunglan8@gmail.com', N'Nguyễn Trung Lan', N'262 Nguyễn Trãi, Phường 3, Quận Bình Thạnh, Hải Phòng', N'123456');
INSERT INTO dbo.[User] (ID, Email, [Name], [Address], [Password]) VALUES (9, N'vobaoyen9@gmail.com', N'Võ Bảo Yến', N'228 Trần Hưng Đạo, Phường Bến Nghé, Quận 7, Hải Phòng', N'123456');
INSERT INTO dbo.[User] (ID, Email, [Name], [Address], [Password]) VALUES (10, N'trananhchi10@gmail.com', N'Trần Anh Chi', N'28 Phan Đình Phùng, Phường 3, Quận Gò Vấp, Cần Thơ', N'123456');

SET IDENTITY_INSERT dbo.[User] OFF;
GO

SET IDENTITY_INSERT dbo.Product ON;

INSERT INTO dbo.Product (ProId, ProName, [Des], Quantity, Price, Unit, UserID) VALUES (1, N'Ớt hiểm', N'Ớt hiểm cay nồng', 193, 93000.00, N'kg', 1);
INSERT INTO dbo.Product (ProId, ProName, [Des], Quantity, Price, Unit, UserID) VALUES (2, N'Chuối (VietGAP)', N'Chuối già hương chín cây', 294, 25000.00, N'kg', 1);
INSERT INTO dbo.Product (ProId, ProName, [Des], Quantity, Price, Unit, UserID) VALUES (3, N'Gạo ST25 (VietGAP)', N'Gạo ST25 thơm dẻo', 162, 46000.00, N'kg', 1);
INSERT INTO dbo.Product (ProId, ProName, [Des], Quantity, Price, Unit, UserID) VALUES (4, N'Xoài (hữu cơ)', N'Xoài cát Hòa Lộc', 246, 90000.00, N'kg', 1);
INSERT INTO dbo.Product (ProId, ProName, [Des], Quantity, Price, Unit, UserID) VALUES (5, N'Cải ngọt (đóng gói)', N'Cải ngọt tươi, thu hoạch trong ngày', 27, 19000.00, N'kg', 1);
INSERT INTO dbo.Product (ProId, ProName, [Des], Quantity, Price, Unit, UserID) VALUES (6, N'Sả', N'Sả cây, tinh dầu nhiều', 141, 30000.00, N'kg', 1);
INSERT INTO dbo.Product (ProId, ProName, [Des], Quantity, Price, Unit, UserID) VALUES (7, N'Trứng gà', N'Trứng gà ta, mới mỗi ngày', 266, 34000.00, N'vỉ 10', 1);
INSERT INTO dbo.Product (ProId, ProName, [Des], Quantity, Price, Unit, UserID) VALUES (8, N'Mật ong', N'Mật ong rừng nguyên chất', 50, 141000.00, N'chai 500ml', 1);
INSERT INTO dbo.Product (ProId, ProName, [Des], Quantity, Price, Unit, UserID) VALUES (9, N'Bưởi', N'Bưởi da xanh loại 1', 219, 61000.00, N'trái', 1);
INSERT INTO dbo.Product (ProId, ProName, [Des], Quantity, Price, Unit, UserID) VALUES (10, N'Rau muống', N'Rau muống sạch trồng theo quy trình VietGAP', 252, 12000.00, N'bó', 1);
INSERT INTO dbo.Product (ProId, ProName, [Des], Quantity, Price, Unit, UserID) VALUES (11, N'Chuối (loại 1)', N'Chuối già hương chín cây', 49, 18000.00, N'kg', 2);
INSERT INTO dbo.Product (ProId, ProName, [Des], Quantity, Price, Unit, UserID) VALUES (12, N'Mật ong', N'Mật ong rừng nguyên chất', 277, 187000.00, N'chai 500ml', 2);
INSERT INTO dbo.Product (ProId, ProName, [Des], Quantity, Price, Unit, UserID) VALUES (13, N'Bưởi (đóng gói)', N'Bưởi da xanh loại 1', 61, 56000.00, N'trái', 2);
INSERT INTO dbo.Product (ProId, ProName, [Des], Quantity, Price, Unit, UserID) VALUES (14, N'Cà chua (hữu cơ)', N'Cà chua chín đỏ tự nhiên', 140, 34000.00, N'kg', 2);
INSERT INTO dbo.Product (ProId, ProName, [Des], Quantity, Price, Unit, UserID) VALUES (15, N'Khoai lang (đóng gói)', N'Khoai lang mật, ngọt bùi', 146, 43000.00, N'kg', 2);
INSERT INTO dbo.Product (ProId, ProName, [Des], Quantity, Price, Unit, UserID) VALUES (16, N'Trứng gà', N'Trứng gà ta, mới mỗi ngày', 61, 41000.00, N'vỉ 10', 2);
INSERT INTO dbo.Product (ProId, ProName, [Des], Quantity, Price, Unit, UserID) VALUES (17, N'Xà lách', N'Xà lách thủy canh, rửa sạch', 287, 45000.00, N'kg', 2);
INSERT INTO dbo.Product (ProId, ProName, [Des], Quantity, Price, Unit, UserID) VALUES (18, N'Rau muống', N'Rau muống sạch trồng theo quy trình VietGAP', 124, 13000.00, N'bó', 2);
INSERT INTO dbo.Product (ProId, ProName, [Des], Quantity, Price, Unit, UserID) VALUES (19, N'Hành lá (tươi trong ngày)', N'Hành lá tươi, thơm', 87, 11000.00, N'bó', 2);
INSERT INTO dbo.Product (ProId, ProName, [Des], Quantity, Price, Unit, UserID) VALUES (20, N'Tỏi', N'Tỏi ta củ nhỏ, thơm', 57, 91000.00, N'kg', 2);
INSERT INTO dbo.Product (ProId, ProName, [Des], Quantity, Price, Unit, UserID) VALUES (21, N'Xoài', N'Xoài cát Hòa Lộc', 209, 73000.00, N'kg', 3);
INSERT INTO dbo.Product (ProId, ProName, [Des], Quantity, Price, Unit, UserID) VALUES (22, N'Gạo ST25 (đóng gói)', N'Gạo ST25 thơm dẻo', 174, 51000.00, N'kg', 3);
INSERT INTO dbo.Product (ProId, ProName, [Des], Quantity, Price, Unit, UserID) VALUES (23, N'Xà lách', N'Xà lách thủy canh, rửa sạch', 290, 35000.00, N'kg', 3);
INSERT INTO dbo.Product (ProId, ProName, [Des], Quantity, Price, Unit, UserID) VALUES (24, N'Cải thìa', N'Cải thìa non, giòn ngọt', 173, 23000.00, N'kg', 3);
INSERT INTO dbo.Product (ProId, ProName, [Des], Quantity, Price, Unit, UserID) VALUES (25, N'Khoai lang', N'Khoai lang mật, ngọt bùi', 88, 33000.00, N'kg', 3);
INSERT INTO dbo.Product (ProId, ProName, [Des], Quantity, Price, Unit, UserID) VALUES (26, N'Tỏi (hữu cơ)', N'Tỏi ta củ nhỏ, thơm', 99, 124000.00, N'kg', 3);
INSERT INTO dbo.Product (ProId, ProName, [Des], Quantity, Price, Unit, UserID) VALUES (27, N'Cà chua (VietGAP)', N'Cà chua chín đỏ tự nhiên', 195, 28000.00, N'kg', 3);
INSERT INTO dbo.Product (ProId, ProName, [Des], Quantity, Price, Unit, UserID) VALUES (28, N'Trứng gà', N'Trứng gà ta, mới mỗi ngày', 155, 44000.00, N'vỉ 10', 3);
INSERT INTO dbo.Product (ProId, ProName, [Des], Quantity, Price, Unit, UserID) VALUES (29, N'Dưa leo', N'Dưa leo giòn, ít hạt', 46, 20000.00, N'kg', 3);
INSERT INTO dbo.Product (ProId, ProName, [Des], Quantity, Price, Unit, UserID) VALUES (30, N'Cải ngọt', N'Cải ngọt tươi, thu hoạch trong ngày', 161, 18000.00, N'kg', 3);
INSERT INTO dbo.Product (ProId, ProName, [Des], Quantity, Price, Unit, UserID) VALUES (31, N'Rau muống', N'Rau muống sạch trồng theo quy trình VietGAP', 77, 9000.00, N'bó', 4);
INSERT INTO dbo.Product (ProId, ProName, [Des], Quantity, Price, Unit, UserID) VALUES (32, N'Sả', N'Sả cây, tinh dầu nhiều', 96, 42000.00, N'kg', 4);
INSERT INTO dbo.Product (ProId, ProName, [Des], Quantity, Price, Unit, UserID) VALUES (33, N'Cà chua (loại 1)', N'Cà chua chín đỏ tự nhiên', 95, 35000.00, N'kg', 4);
INSERT INTO dbo.Product (ProId, ProName, [Des], Quantity, Price, Unit, UserID) VALUES (34, N'Tỏi (loại 1)', N'Tỏi ta củ nhỏ, thơm', 206, 95000.00, N'kg', 4);
INSERT INTO dbo.Product (ProId, ProName, [Des], Quantity, Price, Unit, UserID) VALUES (35, N'Dưa leo', N'Dưa leo giòn, ít hạt', 127, 25000.00, N'kg', 4);
INSERT INTO dbo.Product (ProId, ProName, [Des], Quantity, Price, Unit, UserID) VALUES (36, N'Ớt hiểm', N'Ớt hiểm cay nồng', 201, 151000.00, N'kg', 4);
INSERT INTO dbo.Product (ProId, ProName, [Des], Quantity, Price, Unit, UserID) VALUES (37, N'Gừng', N'Gừng ta thơm cay', 228, 104000.00, N'kg', 4);
INSERT INTO dbo.Product (ProId, ProName, [Des], Quantity, Price, Unit, UserID) VALUES (38, N'Trứng gà', N'Trứng gà ta, mới mỗi ngày', 141, 33000.00, N'vỉ 10', 4);
INSERT INTO dbo.Product (ProId, ProName, [Des], Quantity, Price, Unit, UserID) VALUES (39, N'Xoài', N'Xoài cát Hòa Lộc', 110, 81000.00, N'kg', 4);
INSERT INTO dbo.Product (ProId, ProName, [Des], Quantity, Price, Unit, UserID) VALUES (40, N'Khoai lang (loại 1)', N'Khoai lang mật, ngọt bùi', 230, 32000.00, N'kg', 4);
INSERT INTO dbo.Product (ProId, ProName, [Des], Quantity, Price, Unit, UserID) VALUES (41, N'Tỏi (VietGAP)', N'Tỏi ta củ nhỏ, thơm', 134, 93000.00, N'kg', 5);
INSERT INTO dbo.Product (ProId, ProName, [Des], Quantity, Price, Unit, UserID) VALUES (42, N'Dưa leo', N'Dưa leo giòn, ít hạt', 224, 28000.00, N'kg', 5);
INSERT INTO dbo.Product (ProId, ProName, [Des], Quantity, Price, Unit, UserID) VALUES (43, N'Xà lách (hữu cơ)', N'Xà lách thủy canh, rửa sạch', 162, 46000.00, N'kg', 5);
INSERT INTO dbo.Product (ProId, ProName, [Des], Quantity, Price, Unit, UserID) VALUES (44, N'Chanh', N'Chanh không hạt', 224, 42000.00, N'kg', 5);
INSERT INTO dbo.Product (ProId, ProName, [Des], Quantity, Price, Unit, UserID) VALUES (45, N'Cải ngọt (hữu cơ)', N'Cải ngọt tươi, thu hoạch trong ngày', 79, 32000.00, N'kg', 5);
INSERT INTO dbo.Product (ProId, ProName, [Des], Quantity, Price, Unit, UserID) VALUES (46, N'Chuối', N'Chuối già hương chín cây', 111, 27000.00, N'kg', 5);
INSERT INTO dbo.Product (ProId, ProName, [Des], Quantity, Price, Unit, UserID) VALUES (47, N'Gừng', N'Gừng ta thơm cay', 155, 67000.00, N'kg', 5);
INSERT INTO dbo.Product (ProId, ProName, [Des], Quantity, Price, Unit, UserID) VALUES (48, N'Mật ong (tươi trong ngày)', N'Mật ong rừng nguyên chất', 196, 213000.00, N'chai 500ml', 5);
INSERT INTO dbo.Product (ProId, ProName, [Des], Quantity, Price, Unit, UserID) VALUES (49, N'Trứng gà', N'Trứng gà ta, mới mỗi ngày', 243, 44000.00, N'vỉ 10', 5);
INSERT INTO dbo.Product (ProId, ProName, [Des], Quantity, Price, Unit, UserID) VALUES (50, N'Xoài (đóng gói)', N'Xoài cát Hòa Lộc', 117, 71000.00, N'kg', 5);
INSERT INTO dbo.Product (ProId, ProName, [Des], Quantity, Price, Unit, UserID) VALUES (51, N'Cải ngọt', N'Cải ngọt tươi, thu hoạch trong ngày', 83, 29000.00, N'kg', 6);
INSERT INTO dbo.Product (ProId, ProName, [Des], Quantity, Price, Unit, UserID) VALUES (52, N'Chuối', N'Chuối già hương chín cây', 279, 22000.00, N'kg', 6);
INSERT INTO dbo.Product (ProId, ProName, [Des], Quantity, Price, Unit, UserID) VALUES (53, N'Rau muống', N'Rau muống sạch trồng theo quy trình VietGAP', 187, 14000.00, N'bó', 6);
INSERT INTO dbo.Product (ProId, ProName, [Des], Quantity, Price, Unit, UserID) VALUES (54, N'Trứng gà', N'Trứng gà ta, mới mỗi ngày', 85, 34000.00, N'vỉ 10', 6);
INSERT INTO dbo.Product (ProId, ProName, [Des], Quantity, Price, Unit, UserID) VALUES (55, N'Khoai lang', N'Khoai lang mật, ngọt bùi', 214, 30000.00, N'kg', 6);
INSERT INTO dbo.Product (ProId, ProName, [Des], Quantity, Price, Unit, UserID) VALUES (56, N'Dưa leo', N'Dưa leo giòn, ít hạt', 174, 30000.00, N'kg', 6);
INSERT INTO dbo.Product (ProId, ProName, [Des], Quantity, Price, Unit, UserID) VALUES (57, N'Bưởi', N'Bưởi da xanh loại 1', 20, 64000.00, N'trái', 6);
INSERT INTO dbo.Product (ProId, ProName, [Des], Quantity, Price, Unit, UserID) VALUES (58, N'Hạt điều (tươi trong ngày)', N'Hạt điều rang muối', 184, 209000.00, N'gói 500g', 6);
INSERT INTO dbo.Product (ProId, ProName, [Des], Quantity, Price, Unit, UserID) VALUES (59, N'Sả', N'Sả cây, tinh dầu nhiều', 129, 41000.00, N'kg', 6);
INSERT INTO dbo.Product (ProId, ProName, [Des], Quantity, Price, Unit, UserID) VALUES (60, N'Xoài', N'Xoài cát Hòa Lộc', 106, 60000.00, N'kg', 6);
INSERT INTO dbo.Product (ProId, ProName, [Des], Quantity, Price, Unit, UserID) VALUES (61, N'Hành lá (VietGAP)', N'Hành lá tươi, thơm', 263, 8000.00, N'bó', 7);
INSERT INTO dbo.Product (ProId, ProName, [Des], Quantity, Price, Unit, UserID) VALUES (62, N'Trứng gà', N'Trứng gà ta, mới mỗi ngày', 119, 40000.00, N'vỉ 10', 7);
INSERT INTO dbo.Product (ProId, ProName, [Des], Quantity, Price, Unit, UserID) VALUES (63, N'Sả', N'Sả cây, tinh dầu nhiều', 144, 29000.00, N'kg', 7);
INSERT INTO dbo.Product (ProId, ProName, [Des], Quantity, Price, Unit, UserID) VALUES (64, N'Cải thìa', N'Cải thìa non, giòn ngọt', 22, 23000.00, N'kg', 7);
INSERT INTO dbo.Product (ProId, ProName, [Des], Quantity, Price, Unit, UserID) VALUES (65, N'Gừng', N'Gừng ta thơm cay', 132, 76000.00, N'kg', 7);
INSERT INTO dbo.Product (ProId, ProName, [Des], Quantity, Price, Unit, UserID) VALUES (66, N'Mật ong', N'Mật ong rừng nguyên chất', 285, 179000.00, N'chai 500ml', 7);
INSERT INTO dbo.Product (ProId, ProName, [Des], Quantity, Price, Unit, UserID) VALUES (67, N'Cà chua (VietGAP)', N'Cà chua chín đỏ tự nhiên', 82, 36000.00, N'kg', 7);
INSERT INTO dbo.Product (ProId, ProName, [Des], Quantity, Price, Unit, UserID) VALUES (68, N'Xà lách (tươi trong ngày)', N'Xà lách thủy canh, rửa sạch', 291, 52000.00, N'kg', 7);
INSERT INTO dbo.Product (ProId, ProName, [Des], Quantity, Price, Unit, UserID) VALUES (69, N'Chanh', N'Chanh không hạt', 246, 44000.00, N'kg', 7);
INSERT INTO dbo.Product (ProId, ProName, [Des], Quantity, Price, Unit, UserID) VALUES (70, N'Gạo ST25', N'Gạo ST25 thơm dẻo', 278, 45000.00, N'kg', 7);
INSERT INTO dbo.Product (ProId, ProName, [Des], Quantity, Price, Unit, UserID) VALUES (71, N'Mật ong', N'Mật ong rừng nguyên chất', 286, 182000.00, N'chai 500ml', 8);
INSERT INTO dbo.Product (ProId, ProName, [Des], Quantity, Price, Unit, UserID) VALUES (72, N'Xoài', N'Xoài cát Hòa Lộc', 160, 83000.00, N'kg', 8);
INSERT INTO dbo.Product (ProId, ProName, [Des], Quantity, Price, Unit, UserID) VALUES (73, N'Dưa leo (loại 1)', N'Dưa leo giòn, ít hạt', 140, 26000.00, N'kg', 8);
INSERT INTO dbo.Product (ProId, ProName, [Des], Quantity, Price, Unit, UserID) VALUES (74, N'Bưởi (đóng gói)', N'Bưởi da xanh loại 1', 61, 53000.00, N'trái', 8);
INSERT INTO dbo.Product (ProId, ProName, [Des], Quantity, Price, Unit, UserID) VALUES (75, N'Gạo ST25 (tươi trong ngày)', N'Gạo ST25 thơm dẻo', 98, 38000.00, N'kg', 8);
INSERT INTO dbo.Product (ProId, ProName, [Des], Quantity, Price, Unit, UserID) VALUES (76, N'Cà chua (tươi trong ngày)', N'Cà chua chín đỏ tự nhiên', 189, 39000.00, N'kg', 8);
INSERT INTO dbo.Product (ProId, ProName, [Des], Quantity, Price, Unit, UserID) VALUES (77, N'Chanh', N'Chanh không hạt', 51, 31000.00, N'kg', 8);
INSERT INTO dbo.Product (ProId, ProName, [Des], Quantity, Price, Unit, UserID) VALUES (78, N'Xà lách', N'Xà lách thủy canh, rửa sạch', 219, 63000.00, N'kg', 8);
INSERT INTO dbo.Product (ProId, ProName, [Des], Quantity, Price, Unit, UserID) VALUES (79, N'Sả', N'Sả cây, tinh dầu nhiều', 30, 43000.00, N'kg', 8);
INSERT INTO dbo.Product (ProId, ProName, [Des], Quantity, Price, Unit, UserID) VALUES (80, N'Trứng gà', N'Trứng gà ta, mới mỗi ngày', 23, 39000.00, N'vỉ 10', 8);
INSERT INTO dbo.Product (ProId, ProName, [Des], Quantity, Price, Unit, UserID) VALUES (81, N'Hành lá', N'Hành lá tươi, thơm', 227, 9000.00, N'bó', 9);
INSERT INTO dbo.Product (ProId, ProName, [Des], Quantity, Price, Unit, UserID) VALUES (82, N'Chanh', N'Chanh không hạt', 85, 44000.00, N'kg', 9);
INSERT INTO dbo.Product (ProId, ProName, [Des], Quantity, Price, Unit, UserID) VALUES (83, N'Chuối', N'Chuối già hương chín cây', 221, 27000.00, N'kg', 9);
INSERT INTO dbo.Product (ProId, ProName, [Des], Quantity, Price, Unit, UserID) VALUES (84, N'Gừng', N'Gừng ta thơm cay', 33, 70000.00, N'kg', 9);
INSERT INTO dbo.Product (ProId, ProName, [Des], Quantity, Price, Unit, UserID) VALUES (85, N'Bưởi', N'Bưởi da xanh loại 1', 89, 74000.00, N'trái', 9);
INSERT INTO dbo.Product (ProId, ProName, [Des], Quantity, Price, Unit, UserID) VALUES (86, N'Xà lách (loại 1)', N'Xà lách thủy canh, rửa sạch', 214, 45000.00, N'kg', 9);
INSERT INTO dbo.Product (ProId, ProName, [Des], Quantity, Price, Unit, UserID) VALUES (87, N'Cà chua (loại 1)', N'Cà chua chín đỏ tự nhiên', 192, 34000.00, N'kg', 9);
INSERT INTO dbo.Product (ProId, ProName, [Des], Quantity, Price, Unit, UserID) VALUES (88, N'Khoai lang (tươi trong ngày)', N'Khoai lang mật, ngọt bùi', 149, 27000.00, N'kg', 9);
INSERT INTO dbo.Product (ProId, ProName, [Des], Quantity, Price, Unit, UserID) VALUES (89, N'Trứng gà', N'Trứng gà ta, mới mỗi ngày', 296, 29000.00, N'vỉ 10', 9);
INSERT INTO dbo.Product (ProId, ProName, [Des], Quantity, Price, Unit, UserID) VALUES (90, N'Rau muống', N'Rau muống sạch trồng theo quy trình VietGAP', 199, 11000.00, N'bó', 9);
INSERT INTO dbo.Product (ProId, ProName, [Des], Quantity, Price, Unit, UserID) VALUES (91, N'Cải thìa (hữu cơ)', N'Cải thìa non, giòn ngọt', 131, 34000.00, N'kg', 10);
INSERT INTO dbo.Product (ProId, ProName, [Des], Quantity, Price, Unit, UserID) VALUES (92, N'Cải ngọt', N'Cải ngọt tươi, thu hoạch trong ngày', 208, 20000.00, N'kg', 10);
INSERT INTO dbo.Product (ProId, ProName, [Des], Quantity, Price, Unit, UserID) VALUES (93, N'Rau muống', N'Rau muống sạch trồng theo quy trình VietGAP', 78, 10000.00, N'bó', 10);
INSERT INTO dbo.Product (ProId, ProName, [Des], Quantity, Price, Unit, UserID) VALUES (94, N'Gừng', N'Gừng ta thơm cay', 75, 102000.00, N'kg', 10);
INSERT INTO dbo.Product (ProId, ProName, [Des], Quantity, Price, Unit, UserID) VALUES (95, N'Khoai lang (loại 1)', N'Khoai lang mật, ngọt bùi', 212, 37000.00, N'kg', 10);
INSERT INTO dbo.Product (ProId, ProName, [Des], Quantity, Price, Unit, UserID) VALUES (96, N'Chuối', N'Chuối già hương chín cây', 121, 19000.00, N'kg', 10);
INSERT INTO dbo.Product (ProId, ProName, [Des], Quantity, Price, Unit, UserID) VALUES (97, N'Mật ong', N'Mật ong rừng nguyên chất', 144, 133000.00, N'chai 500ml', 10);
INSERT INTO dbo.Product (ProId, ProName, [Des], Quantity, Price, Unit, UserID) VALUES (98, N'Hành lá', N'Hành lá tươi, thơm', 174, 8000.00, N'bó', 10);
INSERT INTO dbo.Product (ProId, ProName, [Des], Quantity, Price, Unit, UserID) VALUES (99, N'Hạt điều', N'Hạt điều rang muối', 41, 194000.00, N'gói 500g', 10);
INSERT INTO dbo.Product (ProId, ProName, [Des], Quantity, Price, Unit, UserID) VALUES (100, N'Xà lách', N'Xà lách thủy canh, rửa sạch', 209, 37000.00, N'kg', 10);

SET IDENTITY_INSERT dbo.Product OFF;
GO

SET IDENTITY_INSERT dbo.[Order] ON;

INSERT INTO dbo.[Order] (OrderId, UserID, ProId, OrderQuantity, OrderTime, CustomerName, CustomerSdt) VALUES (1, 1, 9, 6, '2025-12-11 21:40:00', N'Lý Hồng Mai', N'0907262849');
INSERT INTO dbo.[Order] (OrderId, UserID, ProId, OrderQuantity, OrderTime, CustomerName, CustomerSdt) VALUES (2, 1, 9, 8, '2025-10-14 21:08:00', N'Võ Khánh Yến', N'0811473799');
INSERT INTO dbo.[Order] (OrderId, UserID, ProId, OrderQuantity, OrderTime, CustomerName, CustomerSdt) VALUES (3, 1, 7, 6, '2025-12-09 19:08:00', N'Bùi Đức Nhân', N'0785454948');
INSERT INTO dbo.[Order] (OrderId, UserID, ProId, OrderQuantity, OrderTime, CustomerName, CustomerSdt) VALUES (4, 1, 1, 4, '2025-12-03 03:46:00', N'Ngô Mai Phúc', N'0817770143');
INSERT INTO dbo.[Order] (OrderId, UserID, ProId, OrderQuantity, OrderTime, CustomerName, CustomerSdt) VALUES (5, 1, 7, 4, '2025-11-03 13:21:00', N'Đỗ Mai Phúc', N'0896855744');
INSERT INTO dbo.[Order] (OrderId, UserID, ProId, OrderQuantity, OrderTime, CustomerName, CustomerSdt) VALUES (6, 1, 5, 4, '2025-11-28 05:26:00', N'Bùi Hồng Trí', N'0763374989');
INSERT INTO dbo.[Order] (OrderId, UserID, ProId, OrderQuantity, OrderTime, CustomerName, CustomerSdt) VALUES (7, 1, 5, 2, '2025-08-29 05:23:00', N'Đặng Anh Linh', N'0764082400');
INSERT INTO dbo.[Order] (OrderId, UserID, ProId, OrderQuantity, OrderTime, CustomerName, CustomerSdt) VALUES (8, 1, 9, 5, '2025-09-15 07:42:00', N'Lý Hồng Yến', N'0329477752');
INSERT INTO dbo.[Order] (OrderId, UserID, ProId, OrderQuantity, OrderTime, CustomerName, CustomerSdt) VALUES (9, 1, 1, 5, '2025-08-24 19:42:00', N'Phạm Minh Long', N'0991902294');
INSERT INTO dbo.[Order] (OrderId, UserID, ProId, OrderQuantity, OrderTime, CustomerName, CustomerSdt) VALUES (10, 1, 2, 4, '2025-11-27 16:58:00', N'Ngô Trung Sơn', N'0798677496');
INSERT INTO dbo.[Order] (OrderId, UserID, ProId, OrderQuantity, OrderTime, CustomerName, CustomerSdt) VALUES (11, 1, 5, 1, '2025-09-26 08:37:00', N'Phan Thanh Hùng', N'0372328120');
INSERT INTO dbo.[Order] (OrderId, UserID, ProId, OrderQuantity, OrderTime, CustomerName, CustomerSdt) VALUES (12, 1, 7, 8, '2025-09-15 15:44:00', N'Lý Gia Bình', N'0794471349');
INSERT INTO dbo.[Order] (OrderId, UserID, ProId, OrderQuantity, OrderTime, CustomerName, CustomerSdt) VALUES (13, 1, 4, 7, '2025-11-28 17:25:00', N'Vũ Quang Hùng', N'0581024994');
INSERT INTO dbo.[Order] (OrderId, UserID, ProId, OrderQuantity, OrderTime, CustomerName, CustomerSdt) VALUES (14, 1, 8, 2, '2025-10-14 12:30:00', N'Đặng Hải Hùng', N'0997190659');
INSERT INTO dbo.[Order] (OrderId, UserID, ProId, OrderQuantity, OrderTime, CustomerName, CustomerSdt) VALUES (15, 1, 5, 1, '2025-12-02 04:12:00', N'Nguyễn Ngọc Quân', N'0342787429');
INSERT INTO dbo.[Order] (OrderId, UserID, ProId, OrderQuantity, OrderTime, CustomerName, CustomerSdt) VALUES (16, 1, 7, 8, '2025-12-01 19:58:00', N'Đỗ Thu Lan', N'0861256746');
INSERT INTO dbo.[Order] (OrderId, UserID, ProId, OrderQuantity, OrderTime, CustomerName, CustomerSdt) VALUES (17, 1, 9, 1, '2025-10-16 09:00:00', N'Bùi Ngọc Lan', N'0396808760');
INSERT INTO dbo.[Order] (OrderId, UserID, ProId, OrderQuantity, OrderTime, CustomerName, CustomerSdt) VALUES (18, 1, 4, 6, '2025-09-24 19:00:00', N'Dương Thị Hiếu', N'0838247710');
INSERT INTO dbo.[Order] (OrderId, UserID, ProId, OrderQuantity, OrderTime, CustomerName, CustomerSdt) VALUES (19, 1, 10, 4, '2025-09-14 06:36:00', N'Đặng Tâm An', N'0931317127');
INSERT INTO dbo.[Order] (OrderId, UserID, ProId, OrderQuantity, OrderTime, CustomerName, CustomerSdt) VALUES (20, 1, 5, 5, '2025-10-20 19:32:00', N'Lý Anh Nam', N'0586398214');
INSERT INTO dbo.[Order] (OrderId, UserID, ProId, OrderQuantity, OrderTime, CustomerName, CustomerSdt) VALUES (21, 1, 7, 6, '2025-08-15 18:41:00', N'Võ Văn Khanh', N'0859972787');
INSERT INTO dbo.[Order] (OrderId, UserID, ProId, OrderQuantity, OrderTime, CustomerName, CustomerSdt) VALUES (22, 1, 6, 6, '2025-10-03 17:28:00', N'Hồ Phương Lan', N'0773963605');
INSERT INTO dbo.[Order] (OrderId, UserID, ProId, OrderQuantity, OrderTime, CustomerName, CustomerSdt) VALUES (23, 1, 8, 7, '2025-10-24 13:21:00', N'Hoàng Mai Bình', N'0568951718');
INSERT INTO dbo.[Order] (OrderId, UserID, ProId, OrderQuantity, OrderTime, CustomerName, CustomerSdt) VALUES (24, 1, 8, 1, '2025-09-12 07:05:00', N'Ngô Quang Chi', N'0984596158');
INSERT INTO dbo.[Order] (OrderId, UserID, ProId, OrderQuantity, OrderTime, CustomerName, CustomerSdt) VALUES (25, 1, 7, 6, '2025-09-23 19:21:00', N'Trần Trung Chi', N'0814316117');
INSERT INTO dbo.[Order] (OrderId, UserID, ProId, OrderQuantity, OrderTime, CustomerName, CustomerSdt) VALUES (26, 1, 3, 5, '2025-08-20 11:01:00', N'Trần Khánh Uyên', N'0354556238');
INSERT INTO dbo.[Order] (OrderId, UserID, ProId, OrderQuantity, OrderTime, CustomerName, CustomerSdt) VALUES (27, 1, 7, 3, '2025-11-22 06:02:00', N'Lê Trung Yến', N'0919379237');
INSERT INTO dbo.[Order] (OrderId, UserID, ProId, OrderQuantity, OrderTime, CustomerName, CustomerSdt) VALUES (28, 1, 5, 8, '2025-11-10 13:15:00', N'Nguyễn Phương Khanh', N'0701759464');
INSERT INTO dbo.[Order] (OrderId, UserID, ProId, OrderQuantity, OrderTime, CustomerName, CustomerSdt) VALUES (29, 1, 8, 5, '2025-11-17 22:53:00', N'Lý Hồng Hòa', N'0919594406');
INSERT INTO dbo.[Order] (OrderId, UserID, ProId, OrderQuantity, OrderTime, CustomerName, CustomerSdt) VALUES (30, 1, 5, 1, '2025-10-01 12:36:00', N'Trần Trung Trí', N'0994395339');
INSERT INTO dbo.[Order] (OrderId, UserID, ProId, OrderQuantity, OrderTime, CustomerName, CustomerSdt) VALUES (31, 1, 5, 3, '2025-09-24 08:42:00', N'Trần Gia Uyên', N'0960952145');
INSERT INTO dbo.[Order] (OrderId, UserID, ProId, OrderQuantity, OrderTime, CustomerName, CustomerSdt) VALUES (32, 1, 7, 3, '2025-11-18 07:30:00', N'Đỗ Bảo Phong', N'0832474517');
INSERT INTO dbo.[Order] (OrderId, UserID, ProId, OrderQuantity, OrderTime, CustomerName, CustomerSdt) VALUES (33, 1, 2, 3, '2025-09-08 04:18:00', N'Hồ Tâm Linh', N'0376048175');
INSERT INTO dbo.[Order] (OrderId, UserID, ProId, OrderQuantity, OrderTime, CustomerName, CustomerSdt) VALUES (34, 1, 5, 7, '2025-08-29 14:13:00', N'Đỗ Hồng Thành', N'0797098593');
INSERT INTO dbo.[Order] (OrderId, UserID, ProId, OrderQuantity, OrderTime, CustomerName, CustomerSdt) VALUES (35, 1, 2, 8, '2025-08-18 12:05:00', N'Đặng Thu Dũng', N'0560047113');
INSERT INTO dbo.[Order] (OrderId, UserID, ProId, OrderQuantity, OrderTime, CustomerName, CustomerSdt) VALUES (36, 1, 9, 3, '2025-10-24 20:31:00', N'Đỗ Tâm Mai', N'0586179640');
INSERT INTO dbo.[Order] (OrderId, UserID, ProId, OrderQuantity, OrderTime, CustomerName, CustomerSdt) VALUES (37, 1, 6, 4, '2025-10-17 20:50:00', N'Vũ Tuấn Dũng', N'0908506431');
INSERT INTO dbo.[Order] (OrderId, UserID, ProId, OrderQuantity, OrderTime, CustomerName, CustomerSdt) VALUES (38, 1, 8, 2, '2025-09-20 04:46:00', N'Nguyễn Thị Uyên', N'0883293183');
INSERT INTO dbo.[Order] (OrderId, UserID, ProId, OrderQuantity, OrderTime, CustomerName, CustomerSdt) VALUES (39, 1, 10, 4, '2025-08-31 04:03:00', N'Bùi Quang Uyên', N'0324228421');
INSERT INTO dbo.[Order] (OrderId, UserID, ProId, OrderQuantity, OrderTime, CustomerName, CustomerSdt) VALUES (40, 1, 1, 3, '2025-12-11 23:47:00', N'Vũ Kỳ Lan', N'0332402681');
INSERT INTO dbo.[Order] (OrderId, UserID, ProId, OrderQuantity, OrderTime, CustomerName, CustomerSdt) VALUES (41, 1, 2, 8, '2025-10-16 23:39:00', N'Phạm Phương Phong', N'0799084700');
INSERT INTO dbo.[Order] (OrderId, UserID, ProId, OrderQuantity, OrderTime, CustomerName, CustomerSdt) VALUES (42, 1, 8, 7, '2025-10-19 12:35:00', N'Phạm Mai Trang', N'0961159212');
INSERT INTO dbo.[Order] (OrderId, UserID, ProId, OrderQuantity, OrderTime, CustomerName, CustomerSdt) VALUES (43, 1, 5, 6, '2025-10-25 15:37:00', N'Đặng Phương Phong', N'0941183673');
INSERT INTO dbo.[Order] (OrderId, UserID, ProId, OrderQuantity, OrderTime, CustomerName, CustomerSdt) VALUES (44, 1, 7, 6, '2025-08-29 20:32:00', N'Hồ Thu Trí', N'0385654527');
INSERT INTO dbo.[Order] (OrderId, UserID, ProId, OrderQuantity, OrderTime, CustomerName, CustomerSdt) VALUES (45, 1, 2, 2, '2025-08-29 09:06:00', N'Lê Thu Dũng', N'0902809885');
INSERT INTO dbo.[Order] (OrderId, UserID, ProId, OrderQuantity, OrderTime, CustomerName, CustomerSdt) VALUES (46, 1, 2, 7, '2025-10-28 13:18:00', N'Ngô Thị Khanh', N'0855198327');
INSERT INTO dbo.[Order] (OrderId, UserID, ProId, OrderQuantity, OrderTime, CustomerName, CustomerSdt) VALUES (47, 1, 4, 2, '2025-10-29 17:01:00', N'Đỗ Hồng Tú', N'0839368998');
INSERT INTO dbo.[Order] (OrderId, UserID, ProId, OrderQuantity, OrderTime, CustomerName, CustomerSdt) VALUES (48, 1, 1, 5, '2025-12-10 05:51:00', N'Võ Gia Lan', N'0890229612');
INSERT INTO dbo.[Order] (OrderId, UserID, ProId, OrderQuantity, OrderTime, CustomerName, CustomerSdt) VALUES (49, 1, 1, 2, '2025-09-08 17:54:00', N'Phan Hải Mai', N'0975254599');
INSERT INTO dbo.[Order] (OrderId, UserID, ProId, OrderQuantity, OrderTime, CustomerName, CustomerSdt) VALUES (50, 1, 2, 1, '2025-11-24 06:38:00', N'Trần Minh Hùng', N'0966797643');
INSERT INTO dbo.[Order] (OrderId, UserID, ProId, OrderQuantity, OrderTime, CustomerName, CustomerSdt) VALUES (51, 2, 19, 2, '2025-10-29 21:20:00', N'Phạm Gia Thành', N'0998403690');
INSERT INTO dbo.[Order] (OrderId, UserID, ProId, OrderQuantity, OrderTime, CustomerName, CustomerSdt) VALUES (52, 2, 11, 4, '2025-11-05 04:48:00', N'Hoàng Ngọc Khanh', N'0861076226');
INSERT INTO dbo.[Order] (OrderId, UserID, ProId, OrderQuantity, OrderTime, CustomerName, CustomerSdt) VALUES (53, 2, 19, 4, '2025-10-09 16:56:00', N'Đỗ Minh Long', N'0346071596');
INSERT INTO dbo.[Order] (OrderId, UserID, ProId, OrderQuantity, OrderTime, CustomerName, CustomerSdt) VALUES (54, 2, 20, 7, '2025-09-13 14:09:00', N'Ngô Gia Dũng', N'0920529751');
INSERT INTO dbo.[Order] (OrderId, UserID, ProId, OrderQuantity, OrderTime, CustomerName, CustomerSdt) VALUES (55, 2, 17, 2, '2025-11-11 21:08:00', N'Hồ Bảo Chi', N'0924535218');
INSERT INTO dbo.[Order] (OrderId, UserID, ProId, OrderQuantity, OrderTime, CustomerName, CustomerSdt) VALUES (56, 2, 12, 4, '2025-08-20 00:05:00', N'Đỗ Quang Hòa', N'0382432921');
INSERT INTO dbo.[Order] (OrderId, UserID, ProId, OrderQuantity, OrderTime, CustomerName, CustomerSdt) VALUES (57, 2, 13, 8, '2025-10-14 16:46:00', N'Dương Kỳ Thảo', N'0865271774');
INSERT INTO dbo.[Order] (OrderId, UserID, ProId, OrderQuantity, OrderTime, CustomerName, CustomerSdt) VALUES (58, 2, 15, 1, '2025-10-28 18:41:00', N'Lê Gia Nam', N'0960054119');
INSERT INTO dbo.[Order] (OrderId, UserID, ProId, OrderQuantity, OrderTime, CustomerName, CustomerSdt) VALUES (59, 2, 20, 7, '2025-10-14 16:12:00', N'Trần Phương Uyên', N'0775978207');
INSERT INTO dbo.[Order] (OrderId, UserID, ProId, OrderQuantity, OrderTime, CustomerName, CustomerSdt) VALUES (60, 2, 12, 6, '2025-09-13 09:08:00', N'Huỳnh Thị Hòa', N'0967889255');
INSERT INTO dbo.[Order] (OrderId, UserID, ProId, OrderQuantity, OrderTime, CustomerName, CustomerSdt) VALUES (61, 2, 15, 7, '2025-10-22 00:28:00', N'Trần Khánh Chi', N'0881864492');
INSERT INTO dbo.[Order] (OrderId, UserID, ProId, OrderQuantity, OrderTime, CustomerName, CustomerSdt) VALUES (62, 2, 16, 2, '2025-09-29 13:21:00', N'Hoàng Tuấn Khanh', N'0922914865');
INSERT INTO dbo.[Order] (OrderId, UserID, ProId, OrderQuantity, OrderTime, CustomerName, CustomerSdt) VALUES (63, 2, 13, 2, '2025-09-21 13:07:00', N'Ngô Bảo Linh', N'0335423573');
INSERT INTO dbo.[Order] (OrderId, UserID, ProId, OrderQuantity, OrderTime, CustomerName, CustomerSdt) VALUES (64, 2, 14, 3, '2025-11-24 09:22:00', N'Đặng Hồng Phong', N'0345929622');
INSERT INTO dbo.[Order] (OrderId, UserID, ProId, OrderQuantity, OrderTime, CustomerName, CustomerSdt) VALUES (65, 2, 13, 3, '2025-09-11 21:04:00', N'Trần Thu Linh', N'0817947383');
INSERT INTO dbo.[Order] (OrderId, UserID, ProId, OrderQuantity, OrderTime, CustomerName, CustomerSdt) VALUES (66, 2, 15, 8, '2025-08-20 05:23:00', N'Đỗ Kỳ Nam', N'0974688623');
INSERT INTO dbo.[Order] (OrderId, UserID, ProId, OrderQuantity, OrderTime, CustomerName, CustomerSdt) VALUES (67, 2, 20, 3, '2025-08-24 03:28:00', N'Trần Mai Yến', N'0908181412');
INSERT INTO dbo.[Order] (OrderId, UserID, ProId, OrderQuantity, OrderTime, CustomerName, CustomerSdt) VALUES (68, 2, 15, 8, '2025-08-19 18:29:00', N'Hoàng Thu Chi', N'0797506068');
INSERT INTO dbo.[Order] (OrderId, UserID, ProId, OrderQuantity, OrderTime, CustomerName, CustomerSdt) VALUES (69, 2, 16, 4, '2025-10-25 09:13:00', N'Đỗ Anh An', N'0861522047');
INSERT INTO dbo.[Order] (OrderId, UserID, ProId, OrderQuantity, OrderTime, CustomerName, CustomerSdt) VALUES (70, 2, 13, 8, '2025-10-16 15:00:00', N'Nguyễn Minh An', N'0823289861');
INSERT INTO dbo.[Order] (OrderId, UserID, ProId, OrderQuantity, OrderTime, CustomerName, CustomerSdt) VALUES (71, 2, 15, 4, '2025-11-05 07:51:00', N'Trần Anh Mai', N'0971179808');
INSERT INTO dbo.[Order] (OrderId, UserID, ProId, OrderQuantity, OrderTime, CustomerName, CustomerSdt) VALUES (72, 2, 20, 4, '2025-09-13 07:06:00', N'Đặng Thu An', N'0893962185');
INSERT INTO dbo.[Order] (OrderId, UserID, ProId, OrderQuantity, OrderTime, CustomerName, CustomerSdt) VALUES (73, 2, 12, 1, '2025-10-24 19:58:00', N'Trần Hải Linh', N'0820515319');
INSERT INTO dbo.[Order] (OrderId, UserID, ProId, OrderQuantity, OrderTime, CustomerName, CustomerSdt) VALUES (74, 2, 16, 3, '2025-12-07 23:59:00', N'Bùi Đức Việt', N'0977221704');
INSERT INTO dbo.[Order] (OrderId, UserID, ProId, OrderQuantity, OrderTime, CustomerName, CustomerSdt) VALUES (75, 2, 14, 1, '2025-09-03 05:12:00', N'Trần Khánh Khanh', N'0928740345');
INSERT INTO dbo.[Order] (OrderId, UserID, ProId, OrderQuantity, OrderTime, CustomerName, CustomerSdt) VALUES (76, 2, 11, 6, '2025-11-09 07:46:00', N'Đỗ Thu Long', N'0966527758');
INSERT INTO dbo.[Order] (OrderId, UserID, ProId, OrderQuantity, OrderTime, CustomerName, CustomerSdt) VALUES (77, 2, 15, 2, '2025-09-10 21:31:00', N'Lê Thu Sơn', N'0768451154');
INSERT INTO dbo.[Order] (OrderId, UserID, ProId, OrderQuantity, OrderTime, CustomerName, CustomerSdt) VALUES (78, 2, 15, 8, '2025-09-26 21:28:00', N'Huỳnh Phương Linh', N'0960596401');
INSERT INTO dbo.[Order] (OrderId, UserID, ProId, OrderQuantity, OrderTime, CustomerName, CustomerSdt) VALUES (79, 2, 17, 6, '2025-10-08 12:49:00', N'Huỳnh Văn Hà', N'0960213556');
INSERT INTO dbo.[Order] (OrderId, UserID, ProId, OrderQuantity, OrderTime, CustomerName, CustomerSdt) VALUES (80, 2, 20, 1, '2025-09-27 06:46:00', N'Dương Tuấn Linh', N'0961928565');
INSERT INTO dbo.[Order] (OrderId, UserID, ProId, OrderQuantity, OrderTime, CustomerName, CustomerSdt) VALUES (81, 2, 15, 4, '2025-11-29 11:07:00', N'Huỳnh Mai Phong', N'0918144739');
INSERT INTO dbo.[Order] (OrderId, UserID, ProId, OrderQuantity, OrderTime, CustomerName, CustomerSdt) VALUES (82, 2, 15, 8, '2025-11-18 07:49:00', N'Hoàng Minh Nam', N'0767155188');
INSERT INTO dbo.[Order] (OrderId, UserID, ProId, OrderQuantity, OrderTime, CustomerName, CustomerSdt) VALUES (83, 2, 15, 5, '2025-08-27 06:38:00', N'Huỳnh Tuấn Phong', N'0791323705');
INSERT INTO dbo.[Order] (OrderId, UserID, ProId, OrderQuantity, OrderTime, CustomerName, CustomerSdt) VALUES (84, 2, 19, 6, '2025-10-14 17:11:00', N'Hoàng Trung Chi', N'0364678669');
INSERT INTO dbo.[Order] (OrderId, UserID, ProId, OrderQuantity, OrderTime, CustomerName, CustomerSdt) VALUES (85, 2, 12, 3, '2025-11-02 14:05:00', N'Lê Phương Nam', N'0892892268');
INSERT INTO dbo.[Order] (OrderId, UserID, ProId, OrderQuantity, OrderTime, CustomerName, CustomerSdt) VALUES (86, 2, 11, 2, '2025-10-08 06:47:00', N'Đặng Đức Hạnh', N'0863584143');
INSERT INTO dbo.[Order] (OrderId, UserID, ProId, OrderQuantity, OrderTime, CustomerName, CustomerSdt) VALUES (87, 2, 19, 5, '2025-11-26 14:40:00', N'Đặng Trung Phúc', N'0378299229');
INSERT INTO dbo.[Order] (OrderId, UserID, ProId, OrderQuantity, OrderTime, CustomerName, CustomerSdt) VALUES (88, 2, 20, 6, '2025-08-27 16:46:00', N'Trần Văn Chi', N'0349439690');
INSERT INTO dbo.[Order] (OrderId, UserID, ProId, OrderQuantity, OrderTime, CustomerName, CustomerSdt) VALUES (89, 2, 18, 5, '2025-09-22 01:42:00', N'Lý Anh Uyên', N'0924710276');
INSERT INTO dbo.[Order] (OrderId, UserID, ProId, OrderQuantity, OrderTime, CustomerName, CustomerSdt) VALUES (90, 2, 18, 8, '2025-11-17 00:24:00', N'Hoàng Khánh Yến', N'0865625881');
INSERT INTO dbo.[Order] (OrderId, UserID, ProId, OrderQuantity, OrderTime, CustomerName, CustomerSdt) VALUES (91, 2, 16, 4, '2025-10-15 07:50:00', N'Võ Phương Hòa', N'0581046963');
INSERT INTO dbo.[Order] (OrderId, UserID, ProId, OrderQuantity, OrderTime, CustomerName, CustomerSdt) VALUES (92, 2, 13, 6, '2025-08-15 16:17:00', N'Bùi Thanh Tú', N'0707877470');
INSERT INTO dbo.[Order] (OrderId, UserID, ProId, OrderQuantity, OrderTime, CustomerName, CustomerSdt) VALUES (93, 2, 12, 7, '2025-10-09 20:24:00', N'Vũ Thanh Quân', N'0890047974');
INSERT INTO dbo.[Order] (OrderId, UserID, ProId, OrderQuantity, OrderTime, CustomerName, CustomerSdt) VALUES (94, 2, 19, 1, '2025-08-27 08:20:00', N'Ngô Quang Hùng', N'0906506098');
INSERT INTO dbo.[Order] (OrderId, UserID, ProId, OrderQuantity, OrderTime, CustomerName, CustomerSdt) VALUES (95, 2, 14, 6, '2025-10-04 02:09:00', N'Lê Hải Phong', N'0968499121');
INSERT INTO dbo.[Order] (OrderId, UserID, ProId, OrderQuantity, OrderTime, CustomerName, CustomerSdt) VALUES (96, 2, 17, 6, '2025-09-03 00:26:00', N'Đỗ Quang Hiếu', N'0928000257');
INSERT INTO dbo.[Order] (OrderId, UserID, ProId, OrderQuantity, OrderTime, CustomerName, CustomerSdt) VALUES (97, 2, 19, 8, '2025-11-23 15:19:00', N'Hoàng Khánh Sơn', N'0862694958');
INSERT INTO dbo.[Order] (OrderId, UserID, ProId, OrderQuantity, OrderTime, CustomerName, CustomerSdt) VALUES (98, 2, 19, 8, '2025-09-13 16:48:00', N'Đặng Mai Việt', N'0335516940');
INSERT INTO dbo.[Order] (OrderId, UserID, ProId, OrderQuantity, OrderTime, CustomerName, CustomerSdt) VALUES (99, 2, 20, 8, '2025-11-09 13:38:00', N'Vũ Thị Quân', N'0982896230');
INSERT INTO dbo.[Order] (OrderId, UserID, ProId, OrderQuantity, OrderTime, CustomerName, CustomerSdt) VALUES (100, 2, 20, 2, '2025-11-19 11:22:00', N'Dương Khánh Mai', N'0586368970');
INSERT INTO dbo.[Order] (OrderId, UserID, ProId, OrderQuantity, OrderTime, CustomerName, CustomerSdt) VALUES (101, 3, 23, 4, '2025-10-03 00:55:00', N'Lý Bảo Long', N'0862785854');
INSERT INTO dbo.[Order] (OrderId, UserID, ProId, OrderQuantity, OrderTime, CustomerName, CustomerSdt) VALUES (102, 3, 30, 8, '2025-11-19 03:36:00', N'Võ Tâm Khanh', N'0794437575');
INSERT INTO dbo.[Order] (OrderId, UserID, ProId, OrderQuantity, OrderTime, CustomerName, CustomerSdt) VALUES (103, 3, 29, 5, '2025-11-07 07:51:00', N'Hồ Hải Việt', N'0892404157');
INSERT INTO dbo.[Order] (OrderId, UserID, ProId, OrderQuantity, OrderTime, CustomerName, CustomerSdt) VALUES (104, 3, 25, 8, '2025-11-16 05:07:00', N'Võ Tâm Trang', N'0832199330');
INSERT INTO dbo.[Order] (OrderId, UserID, ProId, OrderQuantity, OrderTime, CustomerName, CustomerSdt) VALUES (105, 3, 29, 4, '2025-09-23 04:04:00', N'Trần Hồng Mai', N'0887120826');
INSERT INTO dbo.[Order] (OrderId, UserID, ProId, OrderQuantity, OrderTime, CustomerName, CustomerSdt) VALUES (106, 3, 28, 8, '2025-09-21 05:12:00', N'Đặng Khánh Khanh', N'0351938026');
INSERT INTO dbo.[Order] (OrderId, UserID, ProId, OrderQuantity, OrderTime, CustomerName, CustomerSdt) VALUES (107, 3, 23, 1, '2025-08-27 22:27:00', N'Lý Đức Trí', N'0840049915');
INSERT INTO dbo.[Order] (OrderId, UserID, ProId, OrderQuantity, OrderTime, CustomerName, CustomerSdt) VALUES (108, 3, 25, 8, '2025-09-21 17:28:00', N'Lý Quang Yến', N'0974315274');
INSERT INTO dbo.[Order] (OrderId, UserID, ProId, OrderQuantity, OrderTime, CustomerName, CustomerSdt) VALUES (109, 3, 23, 1, '2025-09-10 00:30:00', N'Đặng Kỳ Thành', N'0772966851');
INSERT INTO dbo.[Order] (OrderId, UserID, ProId, OrderQuantity, OrderTime, CustomerName, CustomerSdt) VALUES (110, 3, 27, 2, '2025-11-20 07:13:00', N'Lý Khánh Hòa', N'0324637454');
INSERT INTO dbo.[Order] (OrderId, UserID, ProId, OrderQuantity, OrderTime, CustomerName, CustomerSdt) VALUES (111, 3, 30, 1, '2025-11-09 13:42:00', N'Đỗ Anh Bình', N'0397426841');
INSERT INTO dbo.[Order] (OrderId, UserID, ProId, OrderQuantity, OrderTime, CustomerName, CustomerSdt) VALUES (112, 3, 25, 6, '2025-09-26 04:28:00', N'Vũ Quang Nhân', N'0587956878');
INSERT INTO dbo.[Order] (OrderId, UserID, ProId, OrderQuantity, OrderTime, CustomerName, CustomerSdt) VALUES (113, 3, 24, 4, '2025-09-16 15:40:00', N'Lê Bảo Nam', N'0901910883');
INSERT INTO dbo.[Order] (OrderId, UserID, ProId, OrderQuantity, OrderTime, CustomerName, CustomerSdt) VALUES (114, 3, 30, 3, '2025-11-22 00:49:00', N'Dương Hồng Thành', N'0789718707');
INSERT INTO dbo.[Order] (OrderId, UserID, ProId, OrderQuantity, OrderTime, CustomerName, CustomerSdt) VALUES (115, 3, 23, 7, '2025-10-15 16:46:00', N'Trần Tâm Nam', N'0850640391');
INSERT INTO dbo.[Order] (OrderId, UserID, ProId, OrderQuantity, OrderTime, CustomerName, CustomerSdt) VALUES (116, 3, 21, 7, '2025-10-29 12:06:00', N'Lê Tâm Bình', N'0367046226');
INSERT INTO dbo.[Order] (OrderId, UserID, ProId, OrderQuantity, OrderTime, CustomerName, CustomerSdt) VALUES (117, 3, 26, 7, '2025-10-16 23:07:00', N'Hồ Minh Thành', N'0565128682');
INSERT INTO dbo.[Order] (OrderId, UserID, ProId, OrderQuantity, OrderTime, CustomerName, CustomerSdt) VALUES (118, 3, 24, 1, '2025-09-08 11:14:00', N'Đặng Phương Thành', N'0948633752');
INSERT INTO dbo.[Order] (OrderId, UserID, ProId, OrderQuantity, OrderTime, CustomerName, CustomerSdt) VALUES (119, 3, 25, 4, '2025-08-16 08:09:00', N'Trần Thu Sơn', N'0333311907');
INSERT INTO dbo.[Order] (OrderId, UserID, ProId, OrderQuantity, OrderTime, CustomerName, CustomerSdt) VALUES (120, 3, 30, 1, '2025-11-12 10:30:00', N'Hồ Phương Hòa', N'0780284395');
INSERT INTO dbo.[Order] (OrderId, UserID, ProId, OrderQuantity, OrderTime, CustomerName, CustomerSdt) VALUES (121, 3, 30, 6, '2025-11-13 01:42:00', N'Hoàng Bảo Hòa', N'0934408926');
INSERT INTO dbo.[Order] (OrderId, UserID, ProId, OrderQuantity, OrderTime, CustomerName, CustomerSdt) VALUES (122, 3, 29, 8, '2025-12-07 00:15:00', N'Hồ Bảo Lan', N'0936246287');
INSERT INTO dbo.[Order] (OrderId, UserID, ProId, OrderQuantity, OrderTime, CustomerName, CustomerSdt) VALUES (123, 3, 24, 4, '2025-11-05 07:05:00', N'Dương Thị Phúc', N'0936882634');
INSERT INTO dbo.[Order] (OrderId, UserID, ProId, OrderQuantity, OrderTime, CustomerName, CustomerSdt) VALUES (124, 3, 24, 6, '2025-09-22 09:19:00', N'Dương Tuấn Chi', N'0770469901');
INSERT INTO dbo.[Order] (OrderId, UserID, ProId, OrderQuantity, OrderTime, CustomerName, CustomerSdt) VALUES (125, 3, 24, 4, '2025-10-13 04:53:00', N'Bùi Gia An', N'0783173936');
INSERT INTO dbo.[Order] (OrderId, UserID, ProId, OrderQuantity, OrderTime, CustomerName, CustomerSdt) VALUES (126, 3, 24, 6, '2025-09-05 02:21:00', N'Hồ Phương Phúc', N'0894458771');
INSERT INTO dbo.[Order] (OrderId, UserID, ProId, OrderQuantity, OrderTime, CustomerName, CustomerSdt) VALUES (127, 3, 28, 6, '2025-08-18 05:04:00', N'Đỗ Khánh Mai', N'0349320489');
INSERT INTO dbo.[Order] (OrderId, UserID, ProId, OrderQuantity, OrderTime, CustomerName, CustomerSdt) VALUES (128, 3, 30, 7, '2025-11-06 06:48:00', N'Phan Khánh Hòa', N'0919378547');
INSERT INTO dbo.[Order] (OrderId, UserID, ProId, OrderQuantity, OrderTime, CustomerName, CustomerSdt) VALUES (129, 3, 28, 8, '2025-11-21 23:59:00', N'Huỳnh Quang Trí', N'0992808010');
INSERT INTO dbo.[Order] (OrderId, UserID, ProId, OrderQuantity, OrderTime, CustomerName, CustomerSdt) VALUES (130, 3, 21, 7, '2025-11-25 14:29:00', N'Vũ Minh Trang', N'0580387509');
INSERT INTO dbo.[Order] (OrderId, UserID, ProId, OrderQuantity, OrderTime, CustomerName, CustomerSdt) VALUES (131, 3, 30, 8, '2025-09-19 19:21:00', N'Nguyễn Văn Phúc', N'0930084840');
INSERT INTO dbo.[Order] (OrderId, UserID, ProId, OrderQuantity, OrderTime, CustomerName, CustomerSdt) VALUES (132, 3, 29, 7, '2025-09-01 05:53:00', N'Phạm Hồng Phong', N'0583398454');
INSERT INTO dbo.[Order] (OrderId, UserID, ProId, OrderQuantity, OrderTime, CustomerName, CustomerSdt) VALUES (133, 3, 27, 2, '2025-10-26 22:09:00', N'Dương Kỳ Hòa', N'0794101666');
INSERT INTO dbo.[Order] (OrderId, UserID, ProId, OrderQuantity, OrderTime, CustomerName, CustomerSdt) VALUES (134, 3, 29, 8, '2025-12-05 14:16:00', N'Nguyễn Đức Chi', N'0996591803');
INSERT INTO dbo.[Order] (OrderId, UserID, ProId, OrderQuantity, OrderTime, CustomerName, CustomerSdt) VALUES (135, 3, 24, 8, '2025-11-09 10:25:00', N'Lê Ngọc Phúc', N'0342503926');
INSERT INTO dbo.[Order] (OrderId, UserID, ProId, OrderQuantity, OrderTime, CustomerName, CustomerSdt) VALUES (136, 3, 22, 5, '2025-11-22 16:46:00', N'Vũ Kỳ Việt', N'0918562185');
INSERT INTO dbo.[Order] (OrderId, UserID, ProId, OrderQuantity, OrderTime, CustomerName, CustomerSdt) VALUES (137, 3, 21, 2, '2025-10-19 04:05:00', N'Lê Khánh Sơn', N'0925047735');
INSERT INTO dbo.[Order] (OrderId, UserID, ProId, OrderQuantity, OrderTime, CustomerName, CustomerSdt) VALUES (138, 3, 29, 7, '2025-10-19 05:40:00', N'Hồ Minh Tú', N'0843114262');
INSERT INTO dbo.[Order] (OrderId, UserID, ProId, OrderQuantity, OrderTime, CustomerName, CustomerSdt) VALUES (139, 3, 27, 6, '2025-10-28 08:22:00', N'Lê Văn Khanh', N'0965412126');
INSERT INTO dbo.[Order] (OrderId, UserID, ProId, OrderQuantity, OrderTime, CustomerName, CustomerSdt) VALUES (140, 3, 28, 7, '2025-11-30 11:07:00', N'Lê Tuấn Phúc', N'0379956046');
INSERT INTO dbo.[Order] (OrderId, UserID, ProId, OrderQuantity, OrderTime, CustomerName, CustomerSdt) VALUES (141, 3, 27, 2, '2025-09-11 16:55:00', N'Vũ Kỳ Phong', N'0706224447');
INSERT INTO dbo.[Order] (OrderId, UserID, ProId, OrderQuantity, OrderTime, CustomerName, CustomerSdt) VALUES (142, 3, 23, 2, '2025-11-21 21:10:00', N'Võ Thu Khanh', N'0981543799');
INSERT INTO dbo.[Order] (OrderId, UserID, ProId, OrderQuantity, OrderTime, CustomerName, CustomerSdt) VALUES (143, 3, 24, 8, '2025-11-30 07:23:00', N'Đặng Văn Long', N'0889657569');
INSERT INTO dbo.[Order] (OrderId, UserID, ProId, OrderQuantity, OrderTime, CustomerName, CustomerSdt) VALUES (144, 3, 23, 5, '2025-11-01 15:25:00', N'Phan Mai Lan', N'0766547935');
INSERT INTO dbo.[Order] (OrderId, UserID, ProId, OrderQuantity, OrderTime, CustomerName, CustomerSdt) VALUES (145, 3, 27, 5, '2025-08-30 22:36:00', N'Đỗ Hồng Quân', N'0779828073');
INSERT INTO dbo.[Order] (OrderId, UserID, ProId, OrderQuantity, OrderTime, CustomerName, CustomerSdt) VALUES (146, 3, 28, 5, '2025-08-28 12:22:00', N'Lê Thu Thành', N'0992434266');
INSERT INTO dbo.[Order] (OrderId, UserID, ProId, OrderQuantity, OrderTime, CustomerName, CustomerSdt) VALUES (147, 3, 22, 8, '2025-09-27 19:39:00', N'Hồ Tâm Phong', N'0938058911');
INSERT INTO dbo.[Order] (OrderId, UserID, ProId, OrderQuantity, OrderTime, CustomerName, CustomerSdt) VALUES (148, 3, 24, 6, '2025-11-21 13:55:00', N'Trần Kỳ Thảo', N'0925610143');
INSERT INTO dbo.[Order] (OrderId, UserID, ProId, OrderQuantity, OrderTime, CustomerName, CustomerSdt) VALUES (149, 3, 29, 4, '2025-10-16 23:14:00', N'Hồ Phương Tú', N'0585071461');
INSERT INTO dbo.[Order] (OrderId, UserID, ProId, OrderQuantity, OrderTime, CustomerName, CustomerSdt) VALUES (150, 3, 22, 3, '2025-10-30 01:22:00', N'Bùi Phương Uyên', N'0788757177');
INSERT INTO dbo.[Order] (OrderId, UserID, ProId, OrderQuantity, OrderTime, CustomerName, CustomerSdt) VALUES (151, 4, 36, 2, '2025-11-05 10:29:00', N'Phạm Văn Yến', N'0881238282');
INSERT INTO dbo.[Order] (OrderId, UserID, ProId, OrderQuantity, OrderTime, CustomerName, CustomerSdt) VALUES (152, 4, 36, 7, '2025-10-15 04:06:00', N'Hồ Đức Hạnh', N'0946093796');
INSERT INTO dbo.[Order] (OrderId, UserID, ProId, OrderQuantity, OrderTime, CustomerName, CustomerSdt) VALUES (153, 4, 37, 1, '2025-09-14 04:41:00', N'Phan Ngọc Tú', N'0369182553');
INSERT INTO dbo.[Order] (OrderId, UserID, ProId, OrderQuantity, OrderTime, CustomerName, CustomerSdt) VALUES (154, 4, 38, 2, '2025-11-09 13:07:00', N'Lý Bảo Thảo', N'0869696915');
INSERT INTO dbo.[Order] (OrderId, UserID, ProId, OrderQuantity, OrderTime, CustomerName, CustomerSdt) VALUES (155, 4, 36, 8, '2025-09-25 06:07:00', N'Đặng Trung Quân', N'0372513412');
INSERT INTO dbo.[Order] (OrderId, UserID, ProId, OrderQuantity, OrderTime, CustomerName, CustomerSdt) VALUES (156, 4, 36, 3, '2025-10-08 22:45:00', N'Ngô Trung Hà', N'0916278282');
INSERT INTO dbo.[Order] (OrderId, UserID, ProId, OrderQuantity, OrderTime, CustomerName, CustomerSdt) VALUES (157, 4, 38, 5, '2025-11-26 05:37:00', N'Bùi Phương Sơn', N'0355072368');
INSERT INTO dbo.[Order] (OrderId, UserID, ProId, OrderQuantity, OrderTime, CustomerName, CustomerSdt) VALUES (158, 4, 39, 8, '2025-10-21 12:38:00', N'Lý Thu Trang', N'0967219034');
INSERT INTO dbo.[Order] (OrderId, UserID, ProId, OrderQuantity, OrderTime, CustomerName, CustomerSdt) VALUES (159, 4, 31, 5, '2025-11-14 17:39:00', N'Đặng Đức Tú', N'0979788191');
INSERT INTO dbo.[Order] (OrderId, UserID, ProId, OrderQuantity, OrderTime, CustomerName, CustomerSdt) VALUES (160, 4, 35, 6, '2025-10-05 10:35:00', N'Dương Tâm Hiếu', N'0941340745');
INSERT INTO dbo.[Order] (OrderId, UserID, ProId, OrderQuantity, OrderTime, CustomerName, CustomerSdt) VALUES (161, 4, 32, 8, '2025-08-25 08:00:00', N'Vũ Thanh Uyên', N'0899629233');
INSERT INTO dbo.[Order] (OrderId, UserID, ProId, OrderQuantity, OrderTime, CustomerName, CustomerSdt) VALUES (162, 4, 31, 6, '2025-10-06 02:25:00', N'Huỳnh Khánh Trang', N'0844948126');
INSERT INTO dbo.[Order] (OrderId, UserID, ProId, OrderQuantity, OrderTime, CustomerName, CustomerSdt) VALUES (163, 4, 31, 5, '2025-08-24 13:37:00', N'Hoàng Quang Hòa', N'0585367294');
INSERT INTO dbo.[Order] (OrderId, UserID, ProId, OrderQuantity, OrderTime, CustomerName, CustomerSdt) VALUES (164, 4, 37, 7, '2025-10-17 09:26:00', N'Lê Hải Phong', N'0835775901');
INSERT INTO dbo.[Order] (OrderId, UserID, ProId, OrderQuantity, OrderTime, CustomerName, CustomerSdt) VALUES (165, 4, 38, 6, '2025-08-27 09:51:00', N'Hồ Thanh Mai', N'0787454589');
INSERT INTO dbo.[Order] (OrderId, UserID, ProId, OrderQuantity, OrderTime, CustomerName, CustomerSdt) VALUES (166, 4, 33, 8, '2025-09-04 00:17:00', N'Trần Thị Dũng', N'0970127706');
INSERT INTO dbo.[Order] (OrderId, UserID, ProId, OrderQuantity, OrderTime, CustomerName, CustomerSdt) VALUES (167, 4, 34, 3, '2025-08-22 13:49:00', N'Đặng Đức Yến', N'0831541520');
INSERT INTO dbo.[Order] (OrderId, UserID, ProId, OrderQuantity, OrderTime, CustomerName, CustomerSdt) VALUES (168, 4, 37, 5, '2025-09-11 12:08:00', N'Vũ Thu Thảo', N'0371037129');
INSERT INTO dbo.[Order] (OrderId, UserID, ProId, OrderQuantity, OrderTime, CustomerName, CustomerSdt) VALUES (169, 4, 34, 8, '2025-12-12 11:44:00', N'Bùi Hồng Yến', N'0942713611');
INSERT INTO dbo.[Order] (OrderId, UserID, ProId, OrderQuantity, OrderTime, CustomerName, CustomerSdt) VALUES (170, 4, 32, 6, '2025-10-27 01:48:00', N'Hoàng Hải Tú', N'0562189092');
INSERT INTO dbo.[Order] (OrderId, UserID, ProId, OrderQuantity, OrderTime, CustomerName, CustomerSdt) VALUES (171, 4, 38, 6, '2025-09-12 04:44:00', N'Hoàng Thu Sơn', N'0963112196');
INSERT INTO dbo.[Order] (OrderId, UserID, ProId, OrderQuantity, OrderTime, CustomerName, CustomerSdt) VALUES (172, 4, 36, 7, '2025-11-03 07:14:00', N'Vũ Ngọc Thảo', N'0373899940');
INSERT INTO dbo.[Order] (OrderId, UserID, ProId, OrderQuantity, OrderTime, CustomerName, CustomerSdt) VALUES (173, 4, 35, 4, '2025-10-07 15:18:00', N'Phan Hải Khanh', N'0353761379');
INSERT INTO dbo.[Order] (OrderId, UserID, ProId, OrderQuantity, OrderTime, CustomerName, CustomerSdt) VALUES (174, 4, 32, 1, '2025-10-28 01:12:00', N'Hoàng Hải Yến', N'0935827109');
INSERT INTO dbo.[Order] (OrderId, UserID, ProId, OrderQuantity, OrderTime, CustomerName, CustomerSdt) VALUES (175, 4, 32, 1, '2025-11-10 04:39:00', N'Trần Thị Uyên', N'0928486661');
INSERT INTO dbo.[Order] (OrderId, UserID, ProId, OrderQuantity, OrderTime, CustomerName, CustomerSdt) VALUES (176, 4, 39, 3, '2025-11-08 09:09:00', N'Đặng Minh Phong', N'0782856914');
INSERT INTO dbo.[Order] (OrderId, UserID, ProId, OrderQuantity, OrderTime, CustomerName, CustomerSdt) VALUES (177, 4, 37, 4, '2025-12-06 03:40:00', N'Lê Thu Dũng', N'0979904210');
INSERT INTO dbo.[Order] (OrderId, UserID, ProId, OrderQuantity, OrderTime, CustomerName, CustomerSdt) VALUES (178, 4, 33, 1, '2025-11-22 19:04:00', N'Đỗ Bảo Phong', N'0822524105');
INSERT INTO dbo.[Order] (OrderId, UserID, ProId, OrderQuantity, OrderTime, CustomerName, CustomerSdt) VALUES (179, 4, 37, 5, '2025-10-07 09:50:00', N'Võ Kỳ Thảo', N'0367785079');
INSERT INTO dbo.[Order] (OrderId, UserID, ProId, OrderQuantity, OrderTime, CustomerName, CustomerSdt) VALUES (180, 4, 33, 6, '2025-11-23 03:18:00', N'Phạm Kỳ Thành', N'0393800030');
INSERT INTO dbo.[Order] (OrderId, UserID, ProId, OrderQuantity, OrderTime, CustomerName, CustomerSdt) VALUES (181, 4, 38, 6, '2025-10-25 06:53:00', N'Huỳnh Thị Phúc', N'0933536541');
INSERT INTO dbo.[Order] (OrderId, UserID, ProId, OrderQuantity, OrderTime, CustomerName, CustomerSdt) VALUES (182, 4, 40, 6, '2025-11-27 18:52:00', N'Trần Đức Hòa', N'0346174451');
INSERT INTO dbo.[Order] (OrderId, UserID, ProId, OrderQuantity, OrderTime, CustomerName, CustomerSdt) VALUES (183, 4, 39, 8, '2025-12-11 23:25:00', N'Phan Gia Quân', N'0859375973');
INSERT INTO dbo.[Order] (OrderId, UserID, ProId, OrderQuantity, OrderTime, CustomerName, CustomerSdt) VALUES (184, 4, 39, 4, '2025-11-24 11:47:00', N'Ngô Văn Hòa', N'0890506413');
INSERT INTO dbo.[Order] (OrderId, UserID, ProId, OrderQuantity, OrderTime, CustomerName, CustomerSdt) VALUES (185, 4, 39, 4, '2025-10-20 19:13:00', N'Trần Quang Trang', N'0831038657');
INSERT INTO dbo.[Order] (OrderId, UserID, ProId, OrderQuantity, OrderTime, CustomerName, CustomerSdt) VALUES (186, 4, 32, 2, '2025-10-10 07:27:00', N'Hồ Minh Quân', N'0356234456');
INSERT INTO dbo.[Order] (OrderId, UserID, ProId, OrderQuantity, OrderTime, CustomerName, CustomerSdt) VALUES (187, 4, 36, 6, '2025-10-17 02:44:00', N'Vũ Minh Hiếu', N'0569121277');
INSERT INTO dbo.[Order] (OrderId, UserID, ProId, OrderQuantity, OrderTime, CustomerName, CustomerSdt) VALUES (188, 4, 36, 7, '2025-11-27 17:43:00', N'Đỗ Thanh Nam', N'0857411249');
INSERT INTO dbo.[Order] (OrderId, UserID, ProId, OrderQuantity, OrderTime, CustomerName, CustomerSdt) VALUES (189, 4, 31, 4, '2025-08-29 00:49:00', N'Hoàng Minh Trang', N'0815680442');
INSERT INTO dbo.[Order] (OrderId, UserID, ProId, OrderQuantity, OrderTime, CustomerName, CustomerSdt) VALUES (190, 4, 31, 7, '2025-08-25 20:34:00', N'Vũ Hồng Nam', N'0382100323');
INSERT INTO dbo.[Order] (OrderId, UserID, ProId, OrderQuantity, OrderTime, CustomerName, CustomerSdt) VALUES (191, 4, 37, 6, '2025-09-16 14:30:00', N'Lê Kỳ Quân', N'0821013721');
INSERT INTO dbo.[Order] (OrderId, UserID, ProId, OrderQuantity, OrderTime, CustomerName, CustomerSdt) VALUES (192, 4, 36, 2, '2025-12-07 20:16:00', N'Trần Đức Quân', N'0946706625');
INSERT INTO dbo.[Order] (OrderId, UserID, ProId, OrderQuantity, OrderTime, CustomerName, CustomerSdt) VALUES (193, 4, 34, 3, '2025-11-08 02:27:00', N'Dương Quang Bình', N'0814768701');
INSERT INTO dbo.[Order] (OrderId, UserID, ProId, OrderQuantity, OrderTime, CustomerName, CustomerSdt) VALUES (194, 4, 35, 7, '2025-11-25 21:42:00', N'Phan Bảo Hòa', N'0336578759');
INSERT INTO dbo.[Order] (OrderId, UserID, ProId, OrderQuantity, OrderTime, CustomerName, CustomerSdt) VALUES (195, 4, 39, 6, '2025-10-25 02:47:00', N'Huỳnh Văn Lan', N'0790407859');
INSERT INTO dbo.[Order] (OrderId, UserID, ProId, OrderQuantity, OrderTime, CustomerName, CustomerSdt) VALUES (196, 4, 34, 3, '2025-12-01 03:33:00', N'Vũ Ngọc Phúc', N'0353965223');
INSERT INTO dbo.[Order] (OrderId, UserID, ProId, OrderQuantity, OrderTime, CustomerName, CustomerSdt) VALUES (197, 4, 40, 6, '2025-08-31 12:12:00', N'Đỗ Kỳ An', N'0899929378');
INSERT INTO dbo.[Order] (OrderId, UserID, ProId, OrderQuantity, OrderTime, CustomerName, CustomerSdt) VALUES (198, 4, 35, 3, '2025-10-12 10:43:00', N'Lê Thị Hòa', N'0790870593');
INSERT INTO dbo.[Order] (OrderId, UserID, ProId, OrderQuantity, OrderTime, CustomerName, CustomerSdt) VALUES (199, 4, 33, 6, '2025-09-13 05:57:00', N'Bùi Thị An', N'0589218515');
INSERT INTO dbo.[Order] (OrderId, UserID, ProId, OrderQuantity, OrderTime, CustomerName, CustomerSdt) VALUES (200, 4, 37, 2, '2025-10-31 01:42:00', N'Bùi Quang Hạnh', N'0947528953');
INSERT INTO dbo.[Order] (OrderId, UserID, ProId, OrderQuantity, OrderTime, CustomerName, CustomerSdt) VALUES (201, 5, 50, 3, '2025-10-26 01:32:00', N'Đặng Quang Hạnh', N'0329690295');
INSERT INTO dbo.[Order] (OrderId, UserID, ProId, OrderQuantity, OrderTime, CustomerName, CustomerSdt) VALUES (202, 5, 50, 4, '2025-09-22 16:42:00', N'Phạm Mai Hà', N'0881355215');
INSERT INTO dbo.[Order] (OrderId, UserID, ProId, OrderQuantity, OrderTime, CustomerName, CustomerSdt) VALUES (203, 5, 48, 1, '2025-11-10 04:51:00', N'Vũ Minh Linh', N'0821006762');
INSERT INTO dbo.[Order] (OrderId, UserID, ProId, OrderQuantity, OrderTime, CustomerName, CustomerSdt) VALUES (204, 5, 47, 8, '2025-08-22 23:05:00', N'Đỗ Tâm Long', N'0387932710');
INSERT INTO dbo.[Order] (OrderId, UserID, ProId, OrderQuantity, OrderTime, CustomerName, CustomerSdt) VALUES (205, 5, 45, 1, '2025-11-03 03:06:00', N'Phạm Minh Lan', N'0706218159');
INSERT INTO dbo.[Order] (OrderId, UserID, ProId, OrderQuantity, OrderTime, CustomerName, CustomerSdt) VALUES (206, 5, 50, 8, '2025-09-14 10:57:00', N'Ngô Đức Sơn', N'0942015336');
INSERT INTO dbo.[Order] (OrderId, UserID, ProId, OrderQuantity, OrderTime, CustomerName, CustomerSdt) VALUES (207, 5, 49, 5, '2025-09-20 02:24:00', N'Đặng Anh Dũng', N'0356987205');
INSERT INTO dbo.[Order] (OrderId, UserID, ProId, OrderQuantity, OrderTime, CustomerName, CustomerSdt) VALUES (208, 5, 41, 7, '2025-12-02 01:57:00', N'Lý Thanh Dũng', N'0333241714');
INSERT INTO dbo.[Order] (OrderId, UserID, ProId, OrderQuantity, OrderTime, CustomerName, CustomerSdt) VALUES (209, 5, 47, 8, '2025-10-11 13:27:00', N'Võ Minh Thảo', N'0912565270');
INSERT INTO dbo.[Order] (OrderId, UserID, ProId, OrderQuantity, OrderTime, CustomerName, CustomerSdt) VALUES (210, 5, 45, 8, '2025-10-15 03:01:00', N'Vũ Ngọc Quân', N'0352115869');
INSERT INTO dbo.[Order] (OrderId, UserID, ProId, OrderQuantity, OrderTime, CustomerName, CustomerSdt) VALUES (211, 5, 44, 1, '2025-08-27 22:48:00', N'Ngô Tâm Thành', N'0989374160');
INSERT INTO dbo.[Order] (OrderId, UserID, ProId, OrderQuantity, OrderTime, CustomerName, CustomerSdt) VALUES (212, 5, 49, 3, '2025-11-27 20:41:00', N'Huỳnh Đức Hiếu', N'0772061632');
INSERT INTO dbo.[Order] (OrderId, UserID, ProId, OrderQuantity, OrderTime, CustomerName, CustomerSdt) VALUES (213, 5, 50, 5, '2025-11-03 09:43:00', N'Lê Hải Phúc', N'0928548709');
INSERT INTO dbo.[Order] (OrderId, UserID, ProId, OrderQuantity, OrderTime, CustomerName, CustomerSdt) VALUES (214, 5, 50, 7, '2025-11-28 21:52:00', N'Hoàng Quang Quân', N'0381914856');
INSERT INTO dbo.[Order] (OrderId, UserID, ProId, OrderQuantity, OrderTime, CustomerName, CustomerSdt) VALUES (215, 5, 45, 7, '2025-09-20 19:26:00', N'Lý Thị Hạnh', N'0836299606');
INSERT INTO dbo.[Order] (OrderId, UserID, ProId, OrderQuantity, OrderTime, CustomerName, CustomerSdt) VALUES (216, 5, 46, 4, '2025-12-06 19:47:00', N'Võ Tuấn An', N'0884447132');
INSERT INTO dbo.[Order] (OrderId, UserID, ProId, OrderQuantity, OrderTime, CustomerName, CustomerSdt) VALUES (217, 5, 45, 8, '2025-09-05 01:03:00', N'Võ Thu Sơn', N'0373736785');
INSERT INTO dbo.[Order] (OrderId, UserID, ProId, OrderQuantity, OrderTime, CustomerName, CustomerSdt) VALUES (218, 5, 41, 3, '2025-12-05 01:23:00', N'Hồ Quang Tú', N'0332330307');
INSERT INTO dbo.[Order] (OrderId, UserID, ProId, OrderQuantity, OrderTime, CustomerName, CustomerSdt) VALUES (219, 5, 41, 6, '2025-09-14 05:13:00', N'Võ Tuấn Việt', N'0978610357');
INSERT INTO dbo.[Order] (OrderId, UserID, ProId, OrderQuantity, OrderTime, CustomerName, CustomerSdt) VALUES (220, 5, 50, 8, '2025-11-20 19:49:00', N'Đỗ Tuấn Hạnh', N'0821406029');
INSERT INTO dbo.[Order] (OrderId, UserID, ProId, OrderQuantity, OrderTime, CustomerName, CustomerSdt) VALUES (221, 5, 44, 4, '2025-09-22 04:19:00', N'Phan Ngọc Thảo', N'0938007229');
INSERT INTO dbo.[Order] (OrderId, UserID, ProId, OrderQuantity, OrderTime, CustomerName, CustomerSdt) VALUES (222, 5, 41, 4, '2025-11-10 15:15:00', N'Đặng Ngọc Mai', N'0915743748');
INSERT INTO dbo.[Order] (OrderId, UserID, ProId, OrderQuantity, OrderTime, CustomerName, CustomerSdt) VALUES (223, 5, 50, 7, '2025-09-30 08:31:00', N'Nguyễn Bảo Thành', N'0908994417');
INSERT INTO dbo.[Order] (OrderId, UserID, ProId, OrderQuantity, OrderTime, CustomerName, CustomerSdt) VALUES (224, 5, 42, 6, '2025-11-07 14:09:00', N'Bùi Ngọc Hùng', N'0853283096');
INSERT INTO dbo.[Order] (OrderId, UserID, ProId, OrderQuantity, OrderTime, CustomerName, CustomerSdt) VALUES (225, 5, 46, 3, '2025-09-12 11:08:00', N'Lý Gia Hùng', N'0936609935');
INSERT INTO dbo.[Order] (OrderId, UserID, ProId, OrderQuantity, OrderTime, CustomerName, CustomerSdt) VALUES (226, 5, 44, 8, '2025-08-18 13:05:00', N'Đỗ Bảo Khanh', N'0708241724');
INSERT INTO dbo.[Order] (OrderId, UserID, ProId, OrderQuantity, OrderTime, CustomerName, CustomerSdt) VALUES (227, 5, 49, 3, '2025-09-17 00:33:00', N'Lê Anh Linh', N'0794655494');
INSERT INTO dbo.[Order] (OrderId, UserID, ProId, OrderQuantity, OrderTime, CustomerName, CustomerSdt) VALUES (228, 5, 48, 2, '2025-10-14 10:11:00', N'Lê Mai Hiếu', N'0396846022');
INSERT INTO dbo.[Order] (OrderId, UserID, ProId, OrderQuantity, OrderTime, CustomerName, CustomerSdt) VALUES (229, 5, 44, 6, '2025-10-21 16:34:00', N'Dương Quang Lan', N'0761752500');
INSERT INTO dbo.[Order] (OrderId, UserID, ProId, OrderQuantity, OrderTime, CustomerName, CustomerSdt) VALUES (230, 5, 48, 5, '2025-11-17 06:15:00', N'Huỳnh Mai Uyên', N'0372966667');
INSERT INTO dbo.[Order] (OrderId, UserID, ProId, OrderQuantity, OrderTime, CustomerName, CustomerSdt) VALUES (231, 5, 47, 1, '2025-12-08 17:47:00', N'Phan Tuấn An', N'0868300335');
INSERT INTO dbo.[Order] (OrderId, UserID, ProId, OrderQuantity, OrderTime, CustomerName, CustomerSdt) VALUES (232, 5, 45, 3, '2025-11-29 22:55:00', N'Đặng Đức Chi', N'0344478985');
INSERT INTO dbo.[Order] (OrderId, UserID, ProId, OrderQuantity, OrderTime, CustomerName, CustomerSdt) VALUES (233, 5, 47, 3, '2025-10-30 19:17:00', N'Đỗ Thanh Hạnh', N'0920332309');
INSERT INTO dbo.[Order] (OrderId, UserID, ProId, OrderQuantity, OrderTime, CustomerName, CustomerSdt) VALUES (234, 5, 49, 3, '2025-11-27 23:30:00', N'Trần Hải Thảo', N'0828909010');
INSERT INTO dbo.[Order] (OrderId, UserID, ProId, OrderQuantity, OrderTime, CustomerName, CustomerSdt) VALUES (235, 5, 41, 2, '2025-10-20 20:51:00', N'Hồ Hồng Phúc', N'0827230461');
INSERT INTO dbo.[Order] (OrderId, UserID, ProId, OrderQuantity, OrderTime, CustomerName, CustomerSdt) VALUES (236, 5, 49, 5, '2025-09-24 15:20:00', N'Hoàng Thu Việt', N'0388914117');
INSERT INTO dbo.[Order] (OrderId, UserID, ProId, OrderQuantity, OrderTime, CustomerName, CustomerSdt) VALUES (237, 5, 44, 4, '2025-09-05 03:02:00', N'Phan Tuấn Trang', N'0934208737');
INSERT INTO dbo.[Order] (OrderId, UserID, ProId, OrderQuantity, OrderTime, CustomerName, CustomerSdt) VALUES (238, 5, 46, 4, '2025-12-13 11:34:00', N'Lê Hồng Việt', N'0992181143');
INSERT INTO dbo.[Order] (OrderId, UserID, ProId, OrderQuantity, OrderTime, CustomerName, CustomerSdt) VALUES (239, 5, 48, 5, '2025-11-09 20:10:00', N'Trần Hồng Việt', N'0760455611');
INSERT INTO dbo.[Order] (OrderId, UserID, ProId, OrderQuantity, OrderTime, CustomerName, CustomerSdt) VALUES (240, 5, 41, 1, '2025-08-26 07:17:00', N'Huỳnh Khánh Linh', N'0969415521');
INSERT INTO dbo.[Order] (OrderId, UserID, ProId, OrderQuantity, OrderTime, CustomerName, CustomerSdt) VALUES (241, 5, 47, 7, '2025-10-16 02:44:00', N'Hồ Mai Uyên', N'0932120216');
INSERT INTO dbo.[Order] (OrderId, UserID, ProId, OrderQuantity, OrderTime, CustomerName, CustomerSdt) VALUES (242, 5, 50, 8, '2025-09-01 16:35:00', N'Dương Đức Sơn', N'0915902771');
INSERT INTO dbo.[Order] (OrderId, UserID, ProId, OrderQuantity, OrderTime, CustomerName, CustomerSdt) VALUES (243, 5, 47, 8, '2025-12-08 09:51:00', N'Võ Khánh An', N'0795889163');
INSERT INTO dbo.[Order] (OrderId, UserID, ProId, OrderQuantity, OrderTime, CustomerName, CustomerSdt) VALUES (244, 5, 48, 6, '2025-09-19 12:55:00', N'Hồ Quang Việt', N'0350287721');
INSERT INTO dbo.[Order] (OrderId, UserID, ProId, OrderQuantity, OrderTime, CustomerName, CustomerSdt) VALUES (245, 5, 48, 6, '2025-11-13 00:43:00', N'Võ Thị Phong', N'0798663177');
INSERT INTO dbo.[Order] (OrderId, UserID, ProId, OrderQuantity, OrderTime, CustomerName, CustomerSdt) VALUES (246, 5, 50, 8, '2025-12-01 19:00:00', N'Dương Khánh Dũng', N'0990166088');
INSERT INTO dbo.[Order] (OrderId, UserID, ProId, OrderQuantity, OrderTime, CustomerName, CustomerSdt) VALUES (247, 5, 41, 2, '2025-09-02 15:23:00', N'Đặng Bảo Phúc', N'0787550375');
INSERT INTO dbo.[Order] (OrderId, UserID, ProId, OrderQuantity, OrderTime, CustomerName, CustomerSdt) VALUES (248, 5, 49, 8, '2025-09-12 13:35:00', N'Đỗ Phương Dũng', N'0383055488');
INSERT INTO dbo.[Order] (OrderId, UserID, ProId, OrderQuantity, OrderTime, CustomerName, CustomerSdt) VALUES (249, 5, 46, 2, '2025-12-08 06:24:00', N'Lý Quang Việt', N'0931493316');
INSERT INTO dbo.[Order] (OrderId, UserID, ProId, OrderQuantity, OrderTime, CustomerName, CustomerSdt) VALUES (250, 5, 44, 8, '2025-08-30 05:30:00', N'Bùi Hồng Tú', N'0930917798');
INSERT INTO dbo.[Order] (OrderId, UserID, ProId, OrderQuantity, OrderTime, CustomerName, CustomerSdt) VALUES (251, 6, 53, 8, '2025-12-12 17:54:00', N'Trần Tâm Mai', N'0988292216');
INSERT INTO dbo.[Order] (OrderId, UserID, ProId, OrderQuantity, OrderTime, CustomerName, CustomerSdt) VALUES (252, 6, 60, 6, '2025-10-09 22:53:00', N'Ngô Trung Trang', N'0814654722');
INSERT INTO dbo.[Order] (OrderId, UserID, ProId, OrderQuantity, OrderTime, CustomerName, CustomerSdt) VALUES (253, 6, 57, 5, '2025-08-27 12:04:00', N'Bùi Tâm Thảo', N'0783394522');
INSERT INTO dbo.[Order] (OrderId, UserID, ProId, OrderQuantity, OrderTime, CustomerName, CustomerSdt) VALUES (254, 6, 59, 6, '2025-09-14 08:04:00', N'Đỗ Tâm Nhân', N'0938460810');
INSERT INTO dbo.[Order] (OrderId, UserID, ProId, OrderQuantity, OrderTime, CustomerName, CustomerSdt) VALUES (255, 6, 57, 3, '2025-12-06 13:08:00', N'Trần Thanh Hùng', N'0704420438');
INSERT INTO dbo.[Order] (OrderId, UserID, ProId, OrderQuantity, OrderTime, CustomerName, CustomerSdt) VALUES (256, 6, 51, 6, '2025-08-30 20:34:00', N'Phạm Trung Yến', N'0798638406');
INSERT INTO dbo.[Order] (OrderId, UserID, ProId, OrderQuantity, OrderTime, CustomerName, CustomerSdt) VALUES (257, 6, 57, 7, '2025-09-03 12:37:00', N'Bùi Tâm Bình', N'0324397359');
INSERT INTO dbo.[Order] (OrderId, UserID, ProId, OrderQuantity, OrderTime, CustomerName, CustomerSdt) VALUES (258, 6, 59, 4, '2025-09-05 05:24:00', N'Đặng Phương Hạnh', N'0362281606');
INSERT INTO dbo.[Order] (OrderId, UserID, ProId, OrderQuantity, OrderTime, CustomerName, CustomerSdt) VALUES (259, 6, 55, 5, '2025-11-27 06:31:00', N'Võ Văn Lan', N'0972025909');
INSERT INTO dbo.[Order] (OrderId, UserID, ProId, OrderQuantity, OrderTime, CustomerName, CustomerSdt) VALUES (260, 6, 55, 8, '2025-09-02 16:28:00', N'Đỗ Minh Uyên', N'0868328182');
INSERT INTO dbo.[Order] (OrderId, UserID, ProId, OrderQuantity, OrderTime, CustomerName, CustomerSdt) VALUES (261, 6, 57, 7, '2025-12-02 00:05:00', N'Vũ Thanh Thành', N'0885543987');
INSERT INTO dbo.[Order] (OrderId, UserID, ProId, OrderQuantity, OrderTime, CustomerName, CustomerSdt) VALUES (262, 6, 59, 1, '2025-11-28 13:11:00', N'Đỗ Phương Hòa', N'0810561648');
INSERT INTO dbo.[Order] (OrderId, UserID, ProId, OrderQuantity, OrderTime, CustomerName, CustomerSdt) VALUES (263, 6, 55, 1, '2025-08-18 18:22:00', N'Đỗ Bảo Uyên', N'0967043581');
INSERT INTO dbo.[Order] (OrderId, UserID, ProId, OrderQuantity, OrderTime, CustomerName, CustomerSdt) VALUES (264, 6, 52, 3, '2025-09-05 17:39:00', N'Nguyễn Minh Hiếu', N'0786138612');
INSERT INTO dbo.[Order] (OrderId, UserID, ProId, OrderQuantity, OrderTime, CustomerName, CustomerSdt) VALUES (265, 6, 51, 8, '2025-09-13 00:41:00', N'Trần Minh Chi', N'0352481934');
INSERT INTO dbo.[Order] (OrderId, UserID, ProId, OrderQuantity, OrderTime, CustomerName, CustomerSdt) VALUES (266, 6, 57, 7, '2025-10-16 14:30:00', N'Hồ Thu Lan', N'0336180919');
INSERT INTO dbo.[Order] (OrderId, UserID, ProId, OrderQuantity, OrderTime, CustomerName, CustomerSdt) VALUES (267, 6, 51, 2, '2025-10-28 18:51:00', N'Phạm Gia Uyên', N'0859147660');
INSERT INTO dbo.[Order] (OrderId, UserID, ProId, OrderQuantity, OrderTime, CustomerName, CustomerSdt) VALUES (268, 6, 58, 3, '2025-10-06 04:30:00', N'Hoàng Hải Uyên', N'0842450882');
INSERT INTO dbo.[Order] (OrderId, UserID, ProId, OrderQuantity, OrderTime, CustomerName, CustomerSdt) VALUES (269, 6, 52, 1, '2025-12-12 16:28:00', N'Hồ Tâm Phúc', N'0374353682');
INSERT INTO dbo.[Order] (OrderId, UserID, ProId, OrderQuantity, OrderTime, CustomerName, CustomerSdt) VALUES (270, 6, 53, 3, '2025-11-14 14:57:00', N'Võ Thanh Dũng', N'0769087814');
INSERT INTO dbo.[Order] (OrderId, UserID, ProId, OrderQuantity, OrderTime, CustomerName, CustomerSdt) VALUES (271, 6, 52, 5, '2025-12-01 05:16:00', N'Lý Khánh Linh', N'0563149135');
INSERT INTO dbo.[Order] (OrderId, UserID, ProId, OrderQuantity, OrderTime, CustomerName, CustomerSdt) VALUES (272, 6, 58, 8, '2025-10-31 14:58:00', N'Đặng Kỳ Hà', N'0905620533');
INSERT INTO dbo.[Order] (OrderId, UserID, ProId, OrderQuantity, OrderTime, CustomerName, CustomerSdt) VALUES (273, 6, 57, 5, '2025-08-27 23:44:00', N'Hoàng Khánh Nhân', N'0977547812');
INSERT INTO dbo.[Order] (OrderId, UserID, ProId, OrderQuantity, OrderTime, CustomerName, CustomerSdt) VALUES (274, 6, 60, 2, '2025-08-28 02:26:00', N'Hoàng Tâm Hiếu', N'0821108099');
INSERT INTO dbo.[Order] (OrderId, UserID, ProId, OrderQuantity, OrderTime, CustomerName, CustomerSdt) VALUES (275, 6, 57, 4, '2025-08-19 10:45:00', N'Võ Tâm Phúc', N'0982563942');
INSERT INTO dbo.[Order] (OrderId, UserID, ProId, OrderQuantity, OrderTime, CustomerName, CustomerSdt) VALUES (276, 6, 58, 2, '2025-10-23 23:35:00', N'Nguyễn Anh Yến', N'0708272299');
INSERT INTO dbo.[Order] (OrderId, UserID, ProId, OrderQuantity, OrderTime, CustomerName, CustomerSdt) VALUES (277, 6, 53, 8, '2025-10-29 10:38:00', N'Vũ Mai Hòa', N'0364530385');
INSERT INTO dbo.[Order] (OrderId, UserID, ProId, OrderQuantity, OrderTime, CustomerName, CustomerSdt) VALUES (278, 6, 57, 8, '2025-08-17 20:29:00', N'Trần Thị Thảo', N'0861844989');
INSERT INTO dbo.[Order] (OrderId, UserID, ProId, OrderQuantity, OrderTime, CustomerName, CustomerSdt) VALUES (279, 6, 53, 7, '2025-09-20 23:05:00', N'Đỗ Kỳ Thảo', N'0368463865');
INSERT INTO dbo.[Order] (OrderId, UserID, ProId, OrderQuantity, OrderTime, CustomerName, CustomerSdt) VALUES (280, 6, 56, 8, '2025-09-02 19:33:00', N'Nguyễn Bảo Hà', N'0962318432');
INSERT INTO dbo.[Order] (OrderId, UserID, ProId, OrderQuantity, OrderTime, CustomerName, CustomerSdt) VALUES (281, 6, 53, 3, '2025-10-27 15:28:00', N'Phạm Anh Mai', N'0881777392');
INSERT INTO dbo.[Order] (OrderId, UserID, ProId, OrderQuantity, OrderTime, CustomerName, CustomerSdt) VALUES (282, 6, 57, 1, '2025-11-12 10:32:00', N'Hoàng Kỳ Quân', N'0702809202');
INSERT INTO dbo.[Order] (OrderId, UserID, ProId, OrderQuantity, OrderTime, CustomerName, CustomerSdt) VALUES (283, 6, 55, 3, '2025-10-07 22:10:00', N'Nguyễn Gia Chi', N'0787977236');
INSERT INTO dbo.[Order] (OrderId, UserID, ProId, OrderQuantity, OrderTime, CustomerName, CustomerSdt) VALUES (284, 6, 60, 3, '2025-09-02 16:07:00', N'Huỳnh Trung Thành', N'0822579913');
INSERT INTO dbo.[Order] (OrderId, UserID, ProId, OrderQuantity, OrderTime, CustomerName, CustomerSdt) VALUES (285, 6, 57, 7, '2025-11-27 08:18:00', N'Nguyễn Thanh Phong', N'0932912799');
INSERT INTO dbo.[Order] (OrderId, UserID, ProId, OrderQuantity, OrderTime, CustomerName, CustomerSdt) VALUES (286, 6, 51, 2, '2025-12-01 19:33:00', N'Hoàng Trung Phúc', N'0326865086');
INSERT INTO dbo.[Order] (OrderId, UserID, ProId, OrderQuantity, OrderTime, CustomerName, CustomerSdt) VALUES (287, 6, 54, 8, '2025-09-02 23:00:00', N'Đỗ Kỳ Uyên', N'0386247314');
INSERT INTO dbo.[Order] (OrderId, UserID, ProId, OrderQuantity, OrderTime, CustomerName, CustomerSdt) VALUES (288, 6, 60, 7, '2025-11-11 05:33:00', N'Nguyễn Văn Quân', N'0398063565');
INSERT INTO dbo.[Order] (OrderId, UserID, ProId, OrderQuantity, OrderTime, CustomerName, CustomerSdt) VALUES (289, 6, 52, 3, '2025-10-19 13:46:00', N'Võ Ngọc Yến', N'0949594636');
INSERT INTO dbo.[Order] (OrderId, UserID, ProId, OrderQuantity, OrderTime, CustomerName, CustomerSdt) VALUES (290, 6, 59, 8, '2025-11-20 23:22:00', N'Lý Ngọc Khanh', N'0896213721');
INSERT INTO dbo.[Order] (OrderId, UserID, ProId, OrderQuantity, OrderTime, CustomerName, CustomerSdt) VALUES (291, 6, 54, 7, '2025-09-04 00:27:00', N'Trần Đức Long', N'0321279611');
INSERT INTO dbo.[Order] (OrderId, UserID, ProId, OrderQuantity, OrderTime, CustomerName, CustomerSdt) VALUES (292, 6, 55, 4, '2025-10-27 09:17:00', N'Trần Hải Long', N'0849027703');
INSERT INTO dbo.[Order] (OrderId, UserID, ProId, OrderQuantity, OrderTime, CustomerName, CustomerSdt) VALUES (293, 6, 59, 5, '2025-11-19 10:52:00', N'Vũ Trung Hạnh', N'0345302146');
INSERT INTO dbo.[Order] (OrderId, UserID, ProId, OrderQuantity, OrderTime, CustomerName, CustomerSdt) VALUES (294, 6, 56, 7, '2025-10-22 16:00:00', N'Phan Bảo An', N'0361848955');
INSERT INTO dbo.[Order] (OrderId, UserID, ProId, OrderQuantity, OrderTime, CustomerName, CustomerSdt) VALUES (295, 6, 55, 4, '2025-09-27 05:22:00', N'Dương Hải Quân', N'0324268181');
INSERT INTO dbo.[Order] (OrderId, UserID, ProId, OrderQuantity, OrderTime, CustomerName, CustomerSdt) VALUES (296, 6, 59, 5, '2025-10-31 08:01:00', N'Võ Tâm Việt', N'0827697357');
INSERT INTO dbo.[Order] (OrderId, UserID, ProId, OrderQuantity, OrderTime, CustomerName, CustomerSdt) VALUES (297, 6, 58, 1, '2025-10-13 08:02:00', N'Võ Minh Long', N'0793565880');
INSERT INTO dbo.[Order] (OrderId, UserID, ProId, OrderQuantity, OrderTime, CustomerName, CustomerSdt) VALUES (298, 6, 55, 4, '2025-11-07 08:50:00', N'Hồ Khánh Chi', N'0767553942');
INSERT INTO dbo.[Order] (OrderId, UserID, ProId, OrderQuantity, OrderTime, CustomerName, CustomerSdt) VALUES (299, 6, 54, 8, '2025-09-10 05:12:00', N'Vũ Anh Yến', N'0823333952');
INSERT INTO dbo.[Order] (OrderId, UserID, ProId, OrderQuantity, OrderTime, CustomerName, CustomerSdt) VALUES (300, 6, 52, 2, '2025-08-18 09:20:00', N'Lý Trung An', N'0347595794');
INSERT INTO dbo.[Order] (OrderId, UserID, ProId, OrderQuantity, OrderTime, CustomerName, CustomerSdt) VALUES (301, 7, 68, 3, '2025-09-06 18:34:00', N'Võ Hải Hòa', N'0560867808');
INSERT INTO dbo.[Order] (OrderId, UserID, ProId, OrderQuantity, OrderTime, CustomerName, CustomerSdt) VALUES (302, 7, 66, 7, '2025-08-24 12:35:00', N'Huỳnh Phương Dũng', N'0975003691');
INSERT INTO dbo.[Order] (OrderId, UserID, ProId, OrderQuantity, OrderTime, CustomerName, CustomerSdt) VALUES (303, 7, 66, 6, '2025-09-26 03:09:00', N'Huỳnh Tâm Hùng', N'0814795527');
INSERT INTO dbo.[Order] (OrderId, UserID, ProId, OrderQuantity, OrderTime, CustomerName, CustomerSdt) VALUES (304, 7, 67, 4, '2025-10-20 12:05:00', N'Đỗ Tuấn Yến', N'0924729293');
INSERT INTO dbo.[Order] (OrderId, UserID, ProId, OrderQuantity, OrderTime, CustomerName, CustomerSdt) VALUES (305, 7, 62, 5, '2025-09-02 03:58:00', N'Ngô Hải Hiếu', N'0582702672');
INSERT INTO dbo.[Order] (OrderId, UserID, ProId, OrderQuantity, OrderTime, CustomerName, CustomerSdt) VALUES (306, 7, 69, 6, '2025-09-03 19:24:00', N'Đặng Ngọc Phúc', N'0356120347');
INSERT INTO dbo.[Order] (OrderId, UserID, ProId, OrderQuantity, OrderTime, CustomerName, CustomerSdt) VALUES (307, 7, 62, 8, '2025-09-09 00:35:00', N'Võ Tuấn Linh', N'0825061593');
INSERT INTO dbo.[Order] (OrderId, UserID, ProId, OrderQuantity, OrderTime, CustomerName, CustomerSdt) VALUES (308, 7, 70, 3, '2025-09-05 02:18:00', N'Đỗ Khánh Thành', N'0997169472');
INSERT INTO dbo.[Order] (OrderId, UserID, ProId, OrderQuantity, OrderTime, CustomerName, CustomerSdt) VALUES (309, 7, 63, 6, '2025-10-20 14:28:00', N'Hồ Minh Chi', N'0705355449');
INSERT INTO dbo.[Order] (OrderId, UserID, ProId, OrderQuantity, OrderTime, CustomerName, CustomerSdt) VALUES (310, 7, 67, 5, '2025-08-21 20:49:00', N'Đỗ Kỳ Phong', N'0966220234');
INSERT INTO dbo.[Order] (OrderId, UserID, ProId, OrderQuantity, OrderTime, CustomerName, CustomerSdt) VALUES (311, 7, 62, 4, '2025-11-21 22:27:00', N'Phạm Hồng Chi', N'0988006811');
INSERT INTO dbo.[Order] (OrderId, UserID, ProId, OrderQuantity, OrderTime, CustomerName, CustomerSdt) VALUES (312, 7, 65, 3, '2025-12-02 13:39:00', N'Hồ Gia Hòa', N'0814722820');
INSERT INTO dbo.[Order] (OrderId, UserID, ProId, OrderQuantity, OrderTime, CustomerName, CustomerSdt) VALUES (313, 7, 61, 6, '2025-08-25 00:54:00', N'Lý Phương Yến', N'0838728299');
INSERT INTO dbo.[Order] (OrderId, UserID, ProId, OrderQuantity, OrderTime, CustomerName, CustomerSdt) VALUES (314, 7, 68, 7, '2025-10-06 14:10:00', N'Đặng Tuấn Nhân', N'0791745642');
INSERT INTO dbo.[Order] (OrderId, UserID, ProId, OrderQuantity, OrderTime, CustomerName, CustomerSdt) VALUES (315, 7, 65, 1, '2025-12-12 18:09:00', N'Hoàng Tuấn Khanh', N'0988077406');
INSERT INTO dbo.[Order] (OrderId, UserID, ProId, OrderQuantity, OrderTime, CustomerName, CustomerSdt) VALUES (316, 7, 65, 4, '2025-09-03 11:46:00', N'Đỗ Thanh Mai', N'0946326634');
INSERT INTO dbo.[Order] (OrderId, UserID, ProId, OrderQuantity, OrderTime, CustomerName, CustomerSdt) VALUES (317, 7, 62, 7, '2025-09-24 03:50:00', N'Võ Gia Thảo', N'0836312241');
INSERT INTO dbo.[Order] (OrderId, UserID, ProId, OrderQuantity, OrderTime, CustomerName, CustomerSdt) VALUES (318, 7, 68, 8, '2025-11-08 12:06:00', N'Lý Thanh Lan', N'0332080214');
INSERT INTO dbo.[Order] (OrderId, UserID, ProId, OrderQuantity, OrderTime, CustomerName, CustomerSdt) VALUES (319, 7, 65, 3, '2025-09-12 21:03:00', N'Nguyễn Anh Chi', N'0580735647');
INSERT INTO dbo.[Order] (OrderId, UserID, ProId, OrderQuantity, OrderTime, CustomerName, CustomerSdt) VALUES (320, 7, 66, 8, '2025-09-15 10:56:00', N'Bùi Minh Việt', N'0580461872');
INSERT INTO dbo.[Order] (OrderId, UserID, ProId, OrderQuantity, OrderTime, CustomerName, CustomerSdt) VALUES (321, 7, 64, 5, '2025-08-30 22:59:00', N'Nguyễn Hồng Tú', N'0816730371');
INSERT INTO dbo.[Order] (OrderId, UserID, ProId, OrderQuantity, OrderTime, CustomerName, CustomerSdt) VALUES (322, 7, 69, 4, '2025-10-13 22:44:00', N'Đặng Khánh Hạnh', N'0348814743');
INSERT INTO dbo.[Order] (OrderId, UserID, ProId, OrderQuantity, OrderTime, CustomerName, CustomerSdt) VALUES (323, 7, 66, 1, '2025-08-24 13:15:00', N'Phan Hồng Hòa', N'0945024916');
INSERT INTO dbo.[Order] (OrderId, UserID, ProId, OrderQuantity, OrderTime, CustomerName, CustomerSdt) VALUES (324, 7, 64, 1, '2025-12-07 16:10:00', N'Lý Trung Hà', N'0901327195');
INSERT INTO dbo.[Order] (OrderId, UserID, ProId, OrderQuantity, OrderTime, CustomerName, CustomerSdt) VALUES (325, 7, 61, 1, '2025-10-28 14:00:00', N'Hoàng Tâm Uyên', N'0382735857');
INSERT INTO dbo.[Order] (OrderId, UserID, ProId, OrderQuantity, OrderTime, CustomerName, CustomerSdt) VALUES (326, 7, 64, 1, '2025-09-15 23:07:00', N'Đỗ Quang Hùng', N'0347784873');
INSERT INTO dbo.[Order] (OrderId, UserID, ProId, OrderQuantity, OrderTime, CustomerName, CustomerSdt) VALUES (327, 7, 70, 3, '2025-10-05 00:08:00', N'Bùi Phương Hùng', N'0701827448');
INSERT INTO dbo.[Order] (OrderId, UserID, ProId, OrderQuantity, OrderTime, CustomerName, CustomerSdt) VALUES (328, 7, 66, 8, '2025-12-12 14:14:00', N'Hồ Đức An', N'0909351863');
INSERT INTO dbo.[Order] (OrderId, UserID, ProId, OrderQuantity, OrderTime, CustomerName, CustomerSdt) VALUES (329, 7, 69, 8, '2025-09-05 17:11:00', N'Hoàng Trung Khanh', N'0866511810');
INSERT INTO dbo.[Order] (OrderId, UserID, ProId, OrderQuantity, OrderTime, CustomerName, CustomerSdt) VALUES (330, 7, 63, 3, '2025-08-24 10:56:00', N'Phan Hồng Nhân', N'0771096789');
INSERT INTO dbo.[Order] (OrderId, UserID, ProId, OrderQuantity, OrderTime, CustomerName, CustomerSdt) VALUES (331, 7, 70, 5, '2025-12-06 23:30:00', N'Vũ Trung Trang', N'0360371705');
INSERT INTO dbo.[Order] (OrderId, UserID, ProId, OrderQuantity, OrderTime, CustomerName, CustomerSdt) VALUES (332, 7, 69, 7, '2025-08-29 23:25:00', N'Trần Trung Hùng', N'0341413811');
INSERT INTO dbo.[Order] (OrderId, UserID, ProId, OrderQuantity, OrderTime, CustomerName, CustomerSdt) VALUES (333, 7, 64, 7, '2025-11-19 05:25:00', N'Vũ Kỳ Thảo', N'0768861957');
INSERT INTO dbo.[Order] (OrderId, UserID, ProId, OrderQuantity, OrderTime, CustomerName, CustomerSdt) VALUES (334, 7, 67, 2, '2025-11-22 05:51:00', N'Hồ Bảo Lan', N'0708975585');
INSERT INTO dbo.[Order] (OrderId, UserID, ProId, OrderQuantity, OrderTime, CustomerName, CustomerSdt) VALUES (335, 7, 66, 7, '2025-09-06 14:24:00', N'Ngô Khánh Sơn', N'0819836845');
INSERT INTO dbo.[Order] (OrderId, UserID, ProId, OrderQuantity, OrderTime, CustomerName, CustomerSdt) VALUES (336, 7, 68, 8, '2025-10-24 12:00:00', N'Trần Gia Sơn', N'0338240433');
INSERT INTO dbo.[Order] (OrderId, UserID, ProId, OrderQuantity, OrderTime, CustomerName, CustomerSdt) VALUES (337, 7, 66, 1, '2025-09-05 12:28:00', N'Võ Tâm Phong', N'0581075224');
INSERT INTO dbo.[Order] (OrderId, UserID, ProId, OrderQuantity, OrderTime, CustomerName, CustomerSdt) VALUES (338, 7, 66, 4, '2025-11-14 03:16:00', N'Đặng Minh Quân', N'0929315727');
INSERT INTO dbo.[Order] (OrderId, UserID, ProId, OrderQuantity, OrderTime, CustomerName, CustomerSdt) VALUES (339, 7, 70, 2, '2025-09-27 14:05:00', N'Đặng Thị Trí', N'0911055661');
INSERT INTO dbo.[Order] (OrderId, UserID, ProId, OrderQuantity, OrderTime, CustomerName, CustomerSdt) VALUES (340, 7, 64, 1, '2025-09-22 14:26:00', N'Hồ Thị Khanh', N'0345892583');
INSERT INTO dbo.[Order] (OrderId, UserID, ProId, OrderQuantity, OrderTime, CustomerName, CustomerSdt) VALUES (341, 7, 63, 1, '2025-09-17 22:36:00', N'Dương Trung Quân', N'0373646225');
INSERT INTO dbo.[Order] (OrderId, UserID, ProId, OrderQuantity, OrderTime, CustomerName, CustomerSdt) VALUES (342, 7, 62, 8, '2025-10-01 10:20:00', N'Hồ Ngọc Chi', N'0928622783');
INSERT INTO dbo.[Order] (OrderId, UserID, ProId, OrderQuantity, OrderTime, CustomerName, CustomerSdt) VALUES (343, 7, 68, 7, '2025-09-20 16:30:00', N'Phan Tâm Sơn', N'0813146591');
INSERT INTO dbo.[Order] (OrderId, UserID, ProId, OrderQuantity, OrderTime, CustomerName, CustomerSdt) VALUES (344, 7, 62, 7, '2025-10-19 23:32:00', N'Đỗ Thanh Lan', N'0899042597');
INSERT INTO dbo.[Order] (OrderId, UserID, ProId, OrderQuantity, OrderTime, CustomerName, CustomerSdt) VALUES (345, 7, 70, 3, '2025-10-18 10:29:00', N'Vũ Thanh Thành', N'0902110392');
INSERT INTO dbo.[Order] (OrderId, UserID, ProId, OrderQuantity, OrderTime, CustomerName, CustomerSdt) VALUES (346, 7, 65, 1, '2025-10-30 12:20:00', N'Phạm Gia Nam', N'0980538338');
INSERT INTO dbo.[Order] (OrderId, UserID, ProId, OrderQuantity, OrderTime, CustomerName, CustomerSdt) VALUES (347, 7, 69, 5, '2025-10-03 19:31:00', N'Hoàng Văn Long', N'0344204394');
INSERT INTO dbo.[Order] (OrderId, UserID, ProId, OrderQuantity, OrderTime, CustomerName, CustomerSdt) VALUES (348, 7, 61, 8, '2025-09-21 11:43:00', N'Lê Hải Thành', N'0835104636');
INSERT INTO dbo.[Order] (OrderId, UserID, ProId, OrderQuantity, OrderTime, CustomerName, CustomerSdt) VALUES (349, 7, 69, 2, '2025-08-20 01:14:00', N'Lý Trung Phúc', N'0372387800');
INSERT INTO dbo.[Order] (OrderId, UserID, ProId, OrderQuantity, OrderTime, CustomerName, CustomerSdt) VALUES (350, 7, 64, 5, '2025-10-31 19:17:00', N'Hồ Đức An', N'0895543840');
INSERT INTO dbo.[Order] (OrderId, UserID, ProId, OrderQuantity, OrderTime, CustomerName, CustomerSdt) VALUES (351, 8, 75, 7, '2025-08-22 11:00:00', N'Võ Anh Hà', N'0886216893');
INSERT INTO dbo.[Order] (OrderId, UserID, ProId, OrderQuantity, OrderTime, CustomerName, CustomerSdt) VALUES (352, 8, 77, 4, '2025-10-01 06:48:00', N'Ngô Gia Sơn', N'0887823298');
INSERT INTO dbo.[Order] (OrderId, UserID, ProId, OrderQuantity, OrderTime, CustomerName, CustomerSdt) VALUES (353, 8, 74, 3, '2025-11-03 12:30:00', N'Hoàng Thu Tú', N'0589251881');
INSERT INTO dbo.[Order] (OrderId, UserID, ProId, OrderQuantity, OrderTime, CustomerName, CustomerSdt) VALUES (354, 8, 73, 6, '2025-08-28 07:02:00', N'Nguyễn Khánh Mai', N'0934742312');
INSERT INTO dbo.[Order] (OrderId, UserID, ProId, OrderQuantity, OrderTime, CustomerName, CustomerSdt) VALUES (355, 8, 73, 1, '2025-09-06 15:07:00', N'Võ Trung Quân', N'0799330517');
INSERT INTO dbo.[Order] (OrderId, UserID, ProId, OrderQuantity, OrderTime, CustomerName, CustomerSdt) VALUES (356, 8, 73, 8, '2025-09-12 13:50:00', N'Đỗ Đức Yến', N'0917722330');
INSERT INTO dbo.[Order] (OrderId, UserID, ProId, OrderQuantity, OrderTime, CustomerName, CustomerSdt) VALUES (357, 8, 77, 1, '2025-08-17 02:48:00', N'Ngô Anh Trí', N'0773127975');
INSERT INTO dbo.[Order] (OrderId, UserID, ProId, OrderQuantity, OrderTime, CustomerName, CustomerSdt) VALUES (358, 8, 78, 4, '2025-10-19 22:11:00', N'Trần Trung Trí', N'0915699988');
INSERT INTO dbo.[Order] (OrderId, UserID, ProId, OrderQuantity, OrderTime, CustomerName, CustomerSdt) VALUES (359, 8, 71, 2, '2025-10-16 20:25:00', N'Trần Anh Phong', N'0920868034');
INSERT INTO dbo.[Order] (OrderId, UserID, ProId, OrderQuantity, OrderTime, CustomerName, CustomerSdt) VALUES (360, 8, 78, 7, '2025-08-22 01:37:00', N'Đặng Phương Hạnh', N'0944908277');
INSERT INTO dbo.[Order] (OrderId, UserID, ProId, OrderQuantity, OrderTime, CustomerName, CustomerSdt) VALUES (361, 8, 72, 2, '2025-11-19 16:02:00', N'Hoàng Hải Mai', N'0867027937');
INSERT INTO dbo.[Order] (OrderId, UserID, ProId, OrderQuantity, OrderTime, CustomerName, CustomerSdt) VALUES (362, 8, 72, 5, '2025-11-01 12:24:00', N'Huỳnh Hồng Chi', N'0397518689');
INSERT INTO dbo.[Order] (OrderId, UserID, ProId, OrderQuantity, OrderTime, CustomerName, CustomerSdt) VALUES (363, 8, 73, 7, '2025-10-03 23:01:00', N'Trần Đức Lan', N'0582220644');
INSERT INTO dbo.[Order] (OrderId, UserID, ProId, OrderQuantity, OrderTime, CustomerName, CustomerSdt) VALUES (364, 8, 78, 5, '2025-09-24 05:50:00', N'Phạm Quang Hiếu', N'0329407778');
INSERT INTO dbo.[Order] (OrderId, UserID, ProId, OrderQuantity, OrderTime, CustomerName, CustomerSdt) VALUES (365, 8, 71, 8, '2025-11-13 04:36:00', N'Lý Phương Mai', N'0961990384');
INSERT INTO dbo.[Order] (OrderId, UserID, ProId, OrderQuantity, OrderTime, CustomerName, CustomerSdt) VALUES (366, 8, 80, 4, '2025-12-07 05:42:00', N'Hoàng Thị Thảo', N'0890209945');
INSERT INTO dbo.[Order] (OrderId, UserID, ProId, OrderQuantity, OrderTime, CustomerName, CustomerSdt) VALUES (367, 8, 72, 1, '2025-11-29 21:47:00', N'Huỳnh Đức Thành', N'0849998279');
INSERT INTO dbo.[Order] (OrderId, UserID, ProId, OrderQuantity, OrderTime, CustomerName, CustomerSdt) VALUES (368, 8, 76, 1, '2025-12-02 01:48:00', N'Bùi Tuấn Long', N'0366814721');
INSERT INTO dbo.[Order] (OrderId, UserID, ProId, OrderQuantity, OrderTime, CustomerName, CustomerSdt) VALUES (369, 8, 75, 6, '2025-10-06 21:53:00', N'Phan Thanh Sơn', N'0351981794');
INSERT INTO dbo.[Order] (OrderId, UserID, ProId, OrderQuantity, OrderTime, CustomerName, CustomerSdt) VALUES (370, 8, 77, 6, '2025-11-09 18:04:00', N'Đỗ Quang Sơn', N'0998772934');
INSERT INTO dbo.[Order] (OrderId, UserID, ProId, OrderQuantity, OrderTime, CustomerName, CustomerSdt) VALUES (371, 8, 74, 1, '2025-11-28 11:11:00', N'Dương Hồng Trí', N'0789660558');
INSERT INTO dbo.[Order] (OrderId, UserID, ProId, OrderQuantity, OrderTime, CustomerName, CustomerSdt) VALUES (372, 8, 74, 1, '2025-09-23 05:08:00', N'Đặng Ngọc Uyên', N'0364488501');
INSERT INTO dbo.[Order] (OrderId, UserID, ProId, OrderQuantity, OrderTime, CustomerName, CustomerSdt) VALUES (373, 8, 76, 6, '2025-10-23 16:35:00', N'Nguyễn Đức Hiếu', N'0885770272');
INSERT INTO dbo.[Order] (OrderId, UserID, ProId, OrderQuantity, OrderTime, CustomerName, CustomerSdt) VALUES (374, 8, 78, 6, '2025-10-14 21:53:00', N'Trần Bảo Khanh', N'0868803955');
INSERT INTO dbo.[Order] (OrderId, UserID, ProId, OrderQuantity, OrderTime, CustomerName, CustomerSdt) VALUES (375, 8, 72, 3, '2025-11-08 10:57:00', N'Bùi Hải Thảo', N'0709962914');
INSERT INTO dbo.[Order] (OrderId, UserID, ProId, OrderQuantity, OrderTime, CustomerName, CustomerSdt) VALUES (376, 8, 76, 1, '2025-11-08 21:53:00', N'Lê Mai Hòa', N'0907438421');
INSERT INTO dbo.[Order] (OrderId, UserID, ProId, OrderQuantity, OrderTime, CustomerName, CustomerSdt) VALUES (377, 8, 76, 1, '2025-09-05 05:07:00', N'Lê Phương Phong', N'0337823578');
INSERT INTO dbo.[Order] (OrderId, UserID, ProId, OrderQuantity, OrderTime, CustomerName, CustomerSdt) VALUES (378, 8, 75, 6, '2025-11-25 08:39:00', N'Hoàng Thanh Trí', N'0347681040');
INSERT INTO dbo.[Order] (OrderId, UserID, ProId, OrderQuantity, OrderTime, CustomerName, CustomerSdt) VALUES (379, 8, 80, 2, '2025-10-31 20:04:00', N'Trần Hồng Phong', N'0850943533');
INSERT INTO dbo.[Order] (OrderId, UserID, ProId, OrderQuantity, OrderTime, CustomerName, CustomerSdt) VALUES (380, 8, 75, 5, '2025-10-06 01:07:00', N'Dương Hồng Hùng', N'0582410988');
INSERT INTO dbo.[Order] (OrderId, UserID, ProId, OrderQuantity, OrderTime, CustomerName, CustomerSdt) VALUES (381, 8, 72, 4, '2025-10-05 00:03:00', N'Bùi Ngọc Hà', N'0849321495');
INSERT INTO dbo.[Order] (OrderId, UserID, ProId, OrderQuantity, OrderTime, CustomerName, CustomerSdt) VALUES (382, 8, 79, 8, '2025-12-07 07:34:00', N'Nguyễn Mai Thành', N'0351601662');
INSERT INTO dbo.[Order] (OrderId, UserID, ProId, OrderQuantity, OrderTime, CustomerName, CustomerSdt) VALUES (383, 8, 80, 8, '2025-09-25 23:52:00', N'Đặng Khánh Việt', N'0778179217');
INSERT INTO dbo.[Order] (OrderId, UserID, ProId, OrderQuantity, OrderTime, CustomerName, CustomerSdt) VALUES (384, 8, 72, 8, '2025-11-03 12:39:00', N'Dương Mai Hòa', N'0792945625');
INSERT INTO dbo.[Order] (OrderId, UserID, ProId, OrderQuantity, OrderTime, CustomerName, CustomerSdt) VALUES (385, 8, 76, 8, '2025-10-12 10:59:00', N'Lê Mai Dũng', N'0897724599');
INSERT INTO dbo.[Order] (OrderId, UserID, ProId, OrderQuantity, OrderTime, CustomerName, CustomerSdt) VALUES (386, 8, 73, 2, '2025-10-23 08:21:00', N'Bùi Tâm Thảo', N'0364876963');
INSERT INTO dbo.[Order] (OrderId, UserID, ProId, OrderQuantity, OrderTime, CustomerName, CustomerSdt) VALUES (387, 8, 80, 4, '2025-10-04 06:35:00', N'Lý Hải Chi', N'0883966958');
INSERT INTO dbo.[Order] (OrderId, UserID, ProId, OrderQuantity, OrderTime, CustomerName, CustomerSdt) VALUES (388, 8, 74, 3, '2025-09-19 13:09:00', N'Lê Kỳ Việt', N'0991997581');
INSERT INTO dbo.[Order] (OrderId, UserID, ProId, OrderQuantity, OrderTime, CustomerName, CustomerSdt) VALUES (389, 8, 78, 3, '2025-11-03 22:09:00', N'Lê Trung Dũng', N'0915701329');
INSERT INTO dbo.[Order] (OrderId, UserID, ProId, OrderQuantity, OrderTime, CustomerName, CustomerSdt) VALUES (390, 8, 71, 3, '2025-09-20 06:55:00', N'Dương Tâm Khanh', N'0919973354');
INSERT INTO dbo.[Order] (OrderId, UserID, ProId, OrderQuantity, OrderTime, CustomerName, CustomerSdt) VALUES (391, 8, 80, 5, '2025-08-17 21:10:00', N'Đỗ Minh Quân', N'0329862405');
INSERT INTO dbo.[Order] (OrderId, UserID, ProId, OrderQuantity, OrderTime, CustomerName, CustomerSdt) VALUES (392, 8, 79, 1, '2025-12-12 16:54:00', N'Đỗ Hồng Yến', N'0840369656');
INSERT INTO dbo.[Order] (OrderId, UserID, ProId, OrderQuantity, OrderTime, CustomerName, CustomerSdt) VALUES (393, 8, 77, 7, '2025-10-18 17:24:00', N'Phan Đức Nhân', N'0563865624');
INSERT INTO dbo.[Order] (OrderId, UserID, ProId, OrderQuantity, OrderTime, CustomerName, CustomerSdt) VALUES (394, 8, 73, 3, '2025-12-12 09:34:00', N'Nguyễn Quang Trí', N'0996212679');
INSERT INTO dbo.[Order] (OrderId, UserID, ProId, OrderQuantity, OrderTime, CustomerName, CustomerSdt) VALUES (395, 8, 77, 3, '2025-10-15 18:37:00', N'Ngô Tâm Việt', N'0966532690');
INSERT INTO dbo.[Order] (OrderId, UserID, ProId, OrderQuantity, OrderTime, CustomerName, CustomerSdt) VALUES (396, 8, 80, 8, '2025-08-27 03:56:00', N'Võ Thu Phúc', N'0900097519');
INSERT INTO dbo.[Order] (OrderId, UserID, ProId, OrderQuantity, OrderTime, CustomerName, CustomerSdt) VALUES (397, 8, 78, 2, '2025-11-24 18:02:00', N'Võ Phương Phong', N'0378913718');
INSERT INTO dbo.[Order] (OrderId, UserID, ProId, OrderQuantity, OrderTime, CustomerName, CustomerSdt) VALUES (398, 8, 80, 5, '2025-09-26 10:12:00', N'Bùi Tâm Tú', N'0327787956');
INSERT INTO dbo.[Order] (OrderId, UserID, ProId, OrderQuantity, OrderTime, CustomerName, CustomerSdt) VALUES (399, 8, 76, 5, '2025-11-06 06:17:00', N'Trần Trung Trí', N'0859407929');
INSERT INTO dbo.[Order] (OrderId, UserID, ProId, OrderQuantity, OrderTime, CustomerName, CustomerSdt) VALUES (400, 8, 71, 5, '2025-08-31 14:42:00', N'Nguyễn Gia Nhân', N'0372814429');
INSERT INTO dbo.[Order] (OrderId, UserID, ProId, OrderQuantity, OrderTime, CustomerName, CustomerSdt) VALUES (401, 9, 85, 5, '2025-08-26 03:14:00', N'Nguyễn Hồng Sơn', N'0769275243');
INSERT INTO dbo.[Order] (OrderId, UserID, ProId, OrderQuantity, OrderTime, CustomerName, CustomerSdt) VALUES (402, 9, 88, 3, '2025-09-01 18:00:00', N'Trần Khánh Chi', N'0589276637');
INSERT INTO dbo.[Order] (OrderId, UserID, ProId, OrderQuantity, OrderTime, CustomerName, CustomerSdt) VALUES (403, 9, 83, 4, '2025-10-01 00:14:00', N'Trần Ngọc Tú', N'0390276747');
INSERT INTO dbo.[Order] (OrderId, UserID, ProId, OrderQuantity, OrderTime, CustomerName, CustomerSdt) VALUES (404, 9, 89, 4, '2025-10-25 12:41:00', N'Hồ Mai Hùng', N'0588604765');
INSERT INTO dbo.[Order] (OrderId, UserID, ProId, OrderQuantity, OrderTime, CustomerName, CustomerSdt) VALUES (405, 9, 89, 1, '2025-11-30 17:52:00', N'Đỗ Thu Sơn', N'0835441496');
INSERT INTO dbo.[Order] (OrderId, UserID, ProId, OrderQuantity, OrderTime, CustomerName, CustomerSdt) VALUES (406, 9, 88, 4, '2025-09-10 13:04:00', N'Phan Bảo Lan', N'0765800106');
INSERT INTO dbo.[Order] (OrderId, UserID, ProId, OrderQuantity, OrderTime, CustomerName, CustomerSdt) VALUES (407, 9, 82, 2, '2025-09-16 20:47:00', N'Đỗ Anh Trí', N'0844300910');
INSERT INTO dbo.[Order] (OrderId, UserID, ProId, OrderQuantity, OrderTime, CustomerName, CustomerSdt) VALUES (408, 9, 90, 4, '2025-09-27 14:14:00', N'Phạm Hồng Chi', N'0566921244');
INSERT INTO dbo.[Order] (OrderId, UserID, ProId, OrderQuantity, OrderTime, CustomerName, CustomerSdt) VALUES (409, 9, 88, 2, '2025-09-22 20:32:00', N'Võ Thu Trang', N'0864214066');
INSERT INTO dbo.[Order] (OrderId, UserID, ProId, OrderQuantity, OrderTime, CustomerName, CustomerSdt) VALUES (410, 9, 86, 1, '2025-11-10 02:58:00', N'Huỳnh Phương Chi', N'0993962712');
INSERT INTO dbo.[Order] (OrderId, UserID, ProId, OrderQuantity, OrderTime, CustomerName, CustomerSdt) VALUES (411, 9, 89, 7, '2025-11-15 15:03:00', N'Phạm Phương Trang', N'0821011947');
INSERT INTO dbo.[Order] (OrderId, UserID, ProId, OrderQuantity, OrderTime, CustomerName, CustomerSdt) VALUES (412, 9, 81, 8, '2025-11-23 13:43:00', N'Nguyễn Thị Thành', N'0914256908');
INSERT INTO dbo.[Order] (OrderId, UserID, ProId, OrderQuantity, OrderTime, CustomerName, CustomerSdt) VALUES (413, 9, 88, 8, '2025-10-18 22:13:00', N'Lê Tâm Hòa', N'0326719855');
INSERT INTO dbo.[Order] (OrderId, UserID, ProId, OrderQuantity, OrderTime, CustomerName, CustomerSdt) VALUES (414, 9, 85, 7, '2025-12-05 14:26:00', N'Lê Tuấn Phúc', N'0881743280');
INSERT INTO dbo.[Order] (OrderId, UserID, ProId, OrderQuantity, OrderTime, CustomerName, CustomerSdt) VALUES (415, 9, 87, 4, '2025-11-04 12:15:00', N'Hồ Hồng Thảo', N'0897173203');
INSERT INTO dbo.[Order] (OrderId, UserID, ProId, OrderQuantity, OrderTime, CustomerName, CustomerSdt) VALUES (416, 9, 81, 4, '2025-10-11 22:44:00', N'Lê Tâm Thảo', N'0857870050');
INSERT INTO dbo.[Order] (OrderId, UserID, ProId, OrderQuantity, OrderTime, CustomerName, CustomerSdt) VALUES (417, 9, 86, 1, '2025-10-23 07:58:00', N'Phan Bảo Nam', N'0589310270');
INSERT INTO dbo.[Order] (OrderId, UserID, ProId, OrderQuantity, OrderTime, CustomerName, CustomerSdt) VALUES (418, 9, 88, 1, '2025-11-11 12:04:00', N'Hoàng Văn Hạnh', N'0354179291');
INSERT INTO dbo.[Order] (OrderId, UserID, ProId, OrderQuantity, OrderTime, CustomerName, CustomerSdt) VALUES (419, 9, 82, 2, '2025-10-10 15:42:00', N'Vũ Minh Uyên', N'0776565198');
INSERT INTO dbo.[Order] (OrderId, UserID, ProId, OrderQuantity, OrderTime, CustomerName, CustomerSdt) VALUES (420, 9, 83, 6, '2025-08-28 04:44:00', N'Trần Kỳ Hạnh', N'0881142625');
INSERT INTO dbo.[Order] (OrderId, UserID, ProId, OrderQuantity, OrderTime, CustomerName, CustomerSdt) VALUES (421, 9, 89, 3, '2025-10-18 03:42:00', N'Trần Quang Dũng', N'0912071002');
INSERT INTO dbo.[Order] (OrderId, UserID, ProId, OrderQuantity, OrderTime, CustomerName, CustomerSdt) VALUES (422, 9, 82, 5, '2025-10-20 12:20:00', N'Lý Quang Hiếu', N'0584876329');
INSERT INTO dbo.[Order] (OrderId, UserID, ProId, OrderQuantity, OrderTime, CustomerName, CustomerSdt) VALUES (423, 9, 81, 3, '2025-09-12 18:57:00', N'Lê Gia Linh', N'0930833181');
INSERT INTO dbo.[Order] (OrderId, UserID, ProId, OrderQuantity, OrderTime, CustomerName, CustomerSdt) VALUES (424, 9, 90, 6, '2025-08-24 17:35:00', N'Vũ Phương Tú', N'0784031277');
INSERT INTO dbo.[Order] (OrderId, UserID, ProId, OrderQuantity, OrderTime, CustomerName, CustomerSdt) VALUES (425, 9, 83, 3, '2025-09-19 10:32:00', N'Trần Tuấn Khanh', N'0786459701');
INSERT INTO dbo.[Order] (OrderId, UserID, ProId, OrderQuantity, OrderTime, CustomerName, CustomerSdt) VALUES (426, 9, 81, 3, '2025-11-23 11:01:00', N'Lý Bảo Dũng', N'0363799563');
INSERT INTO dbo.[Order] (OrderId, UserID, ProId, OrderQuantity, OrderTime, CustomerName, CustomerSdt) VALUES (427, 9, 86, 4, '2025-09-05 08:15:00', N'Bùi Anh Dũng', N'0816363179');
INSERT INTO dbo.[Order] (OrderId, UserID, ProId, OrderQuantity, OrderTime, CustomerName, CustomerSdt) VALUES (428, 9, 88, 1, '2025-08-21 21:08:00', N'Hoàng Thanh Sơn', N'0972652735');
INSERT INTO dbo.[Order] (OrderId, UserID, ProId, OrderQuantity, OrderTime, CustomerName, CustomerSdt) VALUES (429, 9, 85, 4, '2025-11-01 07:40:00', N'Trần Kỳ Bình', N'0832177625');
INSERT INTO dbo.[Order] (OrderId, UserID, ProId, OrderQuantity, OrderTime, CustomerName, CustomerSdt) VALUES (430, 9, 84, 5, '2025-09-27 06:39:00', N'Huỳnh Kỳ Phúc', N'0791687397');
INSERT INTO dbo.[Order] (OrderId, UserID, ProId, OrderQuantity, OrderTime, CustomerName, CustomerSdt) VALUES (431, 9, 88, 5, '2025-12-11 21:24:00', N'Vũ Anh Lan', N'0949392906');
INSERT INTO dbo.[Order] (OrderId, UserID, ProId, OrderQuantity, OrderTime, CustomerName, CustomerSdt) VALUES (432, 9, 81, 1, '2025-10-13 18:48:00', N'Trần Thu Phong', N'0927177318');
INSERT INTO dbo.[Order] (OrderId, UserID, ProId, OrderQuantity, OrderTime, CustomerName, CustomerSdt) VALUES (433, 9, 81, 7, '2025-11-16 07:29:00', N'Đỗ Gia Hòa', N'0370742799');
INSERT INTO dbo.[Order] (OrderId, UserID, ProId, OrderQuantity, OrderTime, CustomerName, CustomerSdt) VALUES (434, 9, 81, 8, '2025-10-15 07:17:00', N'Hồ Đức Uyên', N'0907016580');
INSERT INTO dbo.[Order] (OrderId, UserID, ProId, OrderQuantity, OrderTime, CustomerName, CustomerSdt) VALUES (435, 9, 85, 7, '2025-09-08 02:48:00', N'Phan Minh Sơn', N'0880850165');
INSERT INTO dbo.[Order] (OrderId, UserID, ProId, OrderQuantity, OrderTime, CustomerName, CustomerSdt) VALUES (436, 9, 88, 1, '2025-10-27 23:30:00', N'Huỳnh Tâm Trang', N'0368325381');
INSERT INTO dbo.[Order] (OrderId, UserID, ProId, OrderQuantity, OrderTime, CustomerName, CustomerSdt) VALUES (437, 9, 88, 4, '2025-09-08 04:19:00', N'Bùi Tuấn Hùng', N'0944015577');
INSERT INTO dbo.[Order] (OrderId, UserID, ProId, OrderQuantity, OrderTime, CustomerName, CustomerSdt) VALUES (438, 9, 89, 2, '2025-10-13 17:51:00', N'Đặng Phương Sơn', N'0901371162');
INSERT INTO dbo.[Order] (OrderId, UserID, ProId, OrderQuantity, OrderTime, CustomerName, CustomerSdt) VALUES (439, 9, 85, 2, '2025-11-30 06:23:00', N'Võ Hồng Trang', N'0587238046');
INSERT INTO dbo.[Order] (OrderId, UserID, ProId, OrderQuantity, OrderTime, CustomerName, CustomerSdt) VALUES (440, 9, 89, 3, '2025-10-14 00:10:00', N'Ngô Phương Trí', N'0334310385');
INSERT INTO dbo.[Order] (OrderId, UserID, ProId, OrderQuantity, OrderTime, CustomerName, CustomerSdt) VALUES (441, 9, 87, 6, '2025-09-20 13:57:00', N'Bùi Mai Quân', N'0967492424');
INSERT INTO dbo.[Order] (OrderId, UserID, ProId, OrderQuantity, OrderTime, CustomerName, CustomerSdt) VALUES (442, 9, 84, 8, '2025-10-27 02:10:00', N'Trần Quang Linh', N'0847292842');
INSERT INTO dbo.[Order] (OrderId, UserID, ProId, OrderQuantity, OrderTime, CustomerName, CustomerSdt) VALUES (443, 9, 83, 3, '2025-11-23 03:53:00', N'Phạm Thị Lan', N'0567452380');
INSERT INTO dbo.[Order] (OrderId, UserID, ProId, OrderQuantity, OrderTime, CustomerName, CustomerSdt) VALUES (444, 9, 86, 6, '2025-11-24 23:17:00', N'Dương Tâm Hạnh', N'0851067275');
INSERT INTO dbo.[Order] (OrderId, UserID, ProId, OrderQuantity, OrderTime, CustomerName, CustomerSdt) VALUES (445, 9, 83, 1, '2025-09-09 17:22:00', N'Bùi Gia Nhân', N'0849297517');
INSERT INTO dbo.[Order] (OrderId, UserID, ProId, OrderQuantity, OrderTime, CustomerName, CustomerSdt) VALUES (446, 9, 81, 3, '2025-09-17 17:12:00', N'Phạm Gia An', N'0929375150');
INSERT INTO dbo.[Order] (OrderId, UserID, ProId, OrderQuantity, OrderTime, CustomerName, CustomerSdt) VALUES (447, 9, 90, 4, '2025-09-29 18:02:00', N'Vũ Ngọc Hiếu', N'0331871863');
INSERT INTO dbo.[Order] (OrderId, UserID, ProId, OrderQuantity, OrderTime, CustomerName, CustomerSdt) VALUES (448, 9, 88, 6, '2025-09-26 15:21:00', N'Trần Tuấn Long', N'0586565045');
INSERT INTO dbo.[Order] (OrderId, UserID, ProId, OrderQuantity, OrderTime, CustomerName, CustomerSdt) VALUES (449, 9, 86, 5, '2025-10-16 16:52:00', N'Lê Thanh Trí', N'0966742662');
INSERT INTO dbo.[Order] (OrderId, UserID, ProId, OrderQuantity, OrderTime, CustomerName, CustomerSdt) VALUES (450, 9, 90, 2, '2025-11-25 04:55:00', N'Đặng Mai Yến', N'0881961064');
INSERT INTO dbo.[Order] (OrderId, UserID, ProId, OrderQuantity, OrderTime, CustomerName, CustomerSdt) VALUES (451, 10, 97, 3, '2025-10-02 20:14:00', N'Hoàng Thanh Hạnh', N'0914870494');
INSERT INTO dbo.[Order] (OrderId, UserID, ProId, OrderQuantity, OrderTime, CustomerName, CustomerSdt) VALUES (452, 10, 98, 8, '2025-11-15 11:06:00', N'Nguyễn Quang Hùng', N'0857146273');
INSERT INTO dbo.[Order] (OrderId, UserID, ProId, OrderQuantity, OrderTime, CustomerName, CustomerSdt) VALUES (453, 10, 91, 2, '2025-09-07 02:33:00', N'Lý Minh Sơn', N'0909796471');
INSERT INTO dbo.[Order] (OrderId, UserID, ProId, OrderQuantity, OrderTime, CustomerName, CustomerSdt) VALUES (454, 10, 96, 1, '2025-08-27 03:09:00', N'Huỳnh Kỳ Bình', N'0585725204');
INSERT INTO dbo.[Order] (OrderId, UserID, ProId, OrderQuantity, OrderTime, CustomerName, CustomerSdt) VALUES (455, 10, 96, 7, '2025-09-22 23:51:00', N'Trần Gia Khanh', N'0368321928');
INSERT INTO dbo.[Order] (OrderId, UserID, ProId, OrderQuantity, OrderTime, CustomerName, CustomerSdt) VALUES (456, 10, 96, 6, '2025-08-29 12:38:00', N'Đặng Ngọc Thành', N'0901895202');
INSERT INTO dbo.[Order] (OrderId, UserID, ProId, OrderQuantity, OrderTime, CustomerName, CustomerSdt) VALUES (457, 10, 99, 5, '2025-10-26 19:27:00', N'Ngô Khánh Hạnh', N'0383283389');
INSERT INTO dbo.[Order] (OrderId, UserID, ProId, OrderQuantity, OrderTime, CustomerName, CustomerSdt) VALUES (458, 10, 99, 2, '2025-10-20 20:17:00', N'Lê Hồng Việt', N'0560754527');
INSERT INTO dbo.[Order] (OrderId, UserID, ProId, OrderQuantity, OrderTime, CustomerName, CustomerSdt) VALUES (459, 10, 100, 6, '2025-11-21 01:37:00', N'Nguyễn Hồng Hòa', N'0562342321');
INSERT INTO dbo.[Order] (OrderId, UserID, ProId, OrderQuantity, OrderTime, CustomerName, CustomerSdt) VALUES (460, 10, 97, 2, '2025-12-04 11:22:00', N'Lý Thu Bình', N'0771089071');
INSERT INTO dbo.[Order] (OrderId, UserID, ProId, OrderQuantity, OrderTime, CustomerName, CustomerSdt) VALUES (461, 10, 95, 1, '2025-12-05 01:43:00', N'Nguyễn Hồng Uyên', N'0399393250');
INSERT INTO dbo.[Order] (OrderId, UserID, ProId, OrderQuantity, OrderTime, CustomerName, CustomerSdt) VALUES (462, 10, 92, 3, '2025-08-27 02:32:00', N'Đỗ Tuấn Hạnh', N'0818911908');
INSERT INTO dbo.[Order] (OrderId, UserID, ProId, OrderQuantity, OrderTime, CustomerName, CustomerSdt) VALUES (463, 10, 94, 4, '2025-11-07 06:09:00', N'Nguyễn Hồng Hiếu', N'0985927125');
INSERT INTO dbo.[Order] (OrderId, UserID, ProId, OrderQuantity, OrderTime, CustomerName, CustomerSdt) VALUES (464, 10, 97, 7, '2025-11-15 18:27:00', N'Vũ Thu Dũng', N'0861718275');
INSERT INTO dbo.[Order] (OrderId, UserID, ProId, OrderQuantity, OrderTime, CustomerName, CustomerSdt) VALUES (465, 10, 95, 1, '2025-12-03 00:49:00', N'Lý Hồng Long', N'0847947386');
INSERT INTO dbo.[Order] (OrderId, UserID, ProId, OrderQuantity, OrderTime, CustomerName, CustomerSdt) VALUES (466, 10, 95, 7, '2025-11-19 09:38:00', N'Lý Tuấn Hạnh', N'0327167811');
INSERT INTO dbo.[Order] (OrderId, UserID, ProId, OrderQuantity, OrderTime, CustomerName, CustomerSdt) VALUES (467, 10, 93, 7, '2025-10-22 12:17:00', N'Phạm Đức Chi', N'0903539613');
INSERT INTO dbo.[Order] (OrderId, UserID, ProId, OrderQuantity, OrderTime, CustomerName, CustomerSdt) VALUES (468, 10, 97, 8, '2025-11-07 16:09:00', N'Võ Hải Linh', N'0989678427');
INSERT INTO dbo.[Order] (OrderId, UserID, ProId, OrderQuantity, OrderTime, CustomerName, CustomerSdt) VALUES (469, 10, 92, 2, '2025-11-10 19:18:00', N'Lý Anh Thảo', N'0560101702');
INSERT INTO dbo.[Order] (OrderId, UserID, ProId, OrderQuantity, OrderTime, CustomerName, CustomerSdt) VALUES (470, 10, 97, 6, '2025-11-24 01:40:00', N'Phạm Minh Thành', N'0997347784');
INSERT INTO dbo.[Order] (OrderId, UserID, ProId, OrderQuantity, OrderTime, CustomerName, CustomerSdt) VALUES (471, 10, 99, 6, '2025-08-31 17:33:00', N'Nguyễn Thị Mai', N'0396756770');
INSERT INTO dbo.[Order] (OrderId, UserID, ProId, OrderQuantity, OrderTime, CustomerName, CustomerSdt) VALUES (472, 10, 91, 3, '2025-10-02 13:30:00', N'Đặng Đức Nhân', N'0942467197');
INSERT INTO dbo.[Order] (OrderId, UserID, ProId, OrderQuantity, OrderTime, CustomerName, CustomerSdt) VALUES (473, 10, 99, 8, '2025-10-13 16:49:00', N'Huỳnh Bảo Bình', N'0924796954');
INSERT INTO dbo.[Order] (OrderId, UserID, ProId, OrderQuantity, OrderTime, CustomerName, CustomerSdt) VALUES (474, 10, 96, 1, '2025-12-09 15:51:00', N'Trần Quang Việt', N'0905905616');
INSERT INTO dbo.[Order] (OrderId, UserID, ProId, OrderQuantity, OrderTime, CustomerName, CustomerSdt) VALUES (475, 10, 96, 6, '2025-10-22 00:01:00', N'Trần Anh Hòa', N'0814911415');
INSERT INTO dbo.[Order] (OrderId, UserID, ProId, OrderQuantity, OrderTime, CustomerName, CustomerSdt) VALUES (476, 10, 93, 1, '2025-10-06 00:53:00', N'Trần Phương Thành', N'0949864079');
INSERT INTO dbo.[Order] (OrderId, UserID, ProId, OrderQuantity, OrderTime, CustomerName, CustomerSdt) VALUES (477, 10, 91, 6, '2025-10-25 16:32:00', N'Hồ Khánh Quân', N'0387135785');
INSERT INTO dbo.[Order] (OrderId, UserID, ProId, OrderQuantity, OrderTime, CustomerName, CustomerSdt) VALUES (478, 10, 93, 5, '2025-10-27 21:08:00', N'Phan Mai Thảo', N'0368344049');
INSERT INTO dbo.[Order] (OrderId, UserID, ProId, OrderQuantity, OrderTime, CustomerName, CustomerSdt) VALUES (479, 10, 97, 4, '2025-09-25 08:52:00', N'Phạm Kỳ Lan', N'0831987635');
INSERT INTO dbo.[Order] (OrderId, UserID, ProId, OrderQuantity, OrderTime, CustomerName, CustomerSdt) VALUES (480, 10, 92, 5, '2025-10-10 01:46:00', N'Ngô Tâm Lan', N'0776649878');
INSERT INTO dbo.[Order] (OrderId, UserID, ProId, OrderQuantity, OrderTime, CustomerName, CustomerSdt) VALUES (481, 10, 93, 1, '2025-09-23 18:23:00', N'Huỳnh Kỳ Nhân', N'0787489690');
INSERT INTO dbo.[Order] (OrderId, UserID, ProId, OrderQuantity, OrderTime, CustomerName, CustomerSdt) VALUES (482, 10, 99, 4, '2025-10-27 20:13:00', N'Hoàng Anh Hà', N'0856651364');
INSERT INTO dbo.[Order] (OrderId, UserID, ProId, OrderQuantity, OrderTime, CustomerName, CustomerSdt) VALUES (483, 10, 95, 3, '2025-11-10 12:34:00', N'Vũ Hải Hòa', N'0392303477');
INSERT INTO dbo.[Order] (OrderId, UserID, ProId, OrderQuantity, OrderTime, CustomerName, CustomerSdt) VALUES (484, 10, 99, 7, '2025-10-19 13:56:00', N'Trần Thanh Hạnh', N'0832044820');
INSERT INTO dbo.[Order] (OrderId, UserID, ProId, OrderQuantity, OrderTime, CustomerName, CustomerSdt) VALUES (485, 10, 98, 1, '2025-12-06 09:09:00', N'Bùi Trung Khanh', N'0366516231');
INSERT INTO dbo.[Order] (OrderId, UserID, ProId, OrderQuantity, OrderTime, CustomerName, CustomerSdt) VALUES (486, 10, 100, 2, '2025-10-07 13:20:00', N'Võ Mai Chi', N'0819155963');
INSERT INTO dbo.[Order] (OrderId, UserID, ProId, OrderQuantity, OrderTime, CustomerName, CustomerSdt) VALUES (487, 10, 97, 4, '2025-11-25 08:22:00', N'Huỳnh Thanh Hùng', N'0966490785');
INSERT INTO dbo.[Order] (OrderId, UserID, ProId, OrderQuantity, OrderTime, CustomerName, CustomerSdt) VALUES (488, 10, 92, 6, '2025-10-04 21:33:00', N'Lý Anh Hùng', N'0585754090');
INSERT INTO dbo.[Order] (OrderId, UserID, ProId, OrderQuantity, OrderTime, CustomerName, CustomerSdt) VALUES (489, 10, 91, 4, '2025-11-10 17:09:00', N'Hồ Gia Thảo', N'0901837606');
INSERT INTO dbo.[Order] (OrderId, UserID, ProId, OrderQuantity, OrderTime, CustomerName, CustomerSdt) VALUES (490, 10, 95, 5, '2025-12-02 03:58:00', N'Đặng Thanh Yến', N'0707560417');
INSERT INTO dbo.[Order] (OrderId, UserID, ProId, OrderQuantity, OrderTime, CustomerName, CustomerSdt) VALUES (491, 10, 98, 7, '2025-08-17 00:39:00', N'Ngô Hồng Việt', N'0704815698');
INSERT INTO dbo.[Order] (OrderId, UserID, ProId, OrderQuantity, OrderTime, CustomerName, CustomerSdt) VALUES (492, 10, 96, 8, '2025-09-16 11:04:00', N'Trần Đức Thảo', N'0962063459');
INSERT INTO dbo.[Order] (OrderId, UserID, ProId, OrderQuantity, OrderTime, CustomerName, CustomerSdt) VALUES (493, 10, 92, 2, '2025-11-23 03:29:00', N'Hoàng Trung Thành', N'0935772429');
INSERT INTO dbo.[Order] (OrderId, UserID, ProId, OrderQuantity, OrderTime, CustomerName, CustomerSdt) VALUES (494, 10, 96, 5, '2025-11-18 09:08:00', N'Ngô Tuấn Hạnh', N'0926930089');
INSERT INTO dbo.[Order] (OrderId, UserID, ProId, OrderQuantity, OrderTime, CustomerName, CustomerSdt) VALUES (495, 10, 94, 2, '2025-10-15 05:14:00', N'Võ Đức Bình', N'0929694215');
INSERT INTO dbo.[Order] (OrderId, UserID, ProId, OrderQuantity, OrderTime, CustomerName, CustomerSdt) VALUES (496, 10, 93, 2, '2025-12-11 18:04:00', N'Ngô Phương Việt', N'0991333447');
INSERT INTO dbo.[Order] (OrderId, UserID, ProId, OrderQuantity, OrderTime, CustomerName, CustomerSdt) VALUES (497, 10, 97, 3, '2025-10-19 04:57:00', N'Phan Gia Trí', N'0776262044');
INSERT INTO dbo.[Order] (OrderId, UserID, ProId, OrderQuantity, OrderTime, CustomerName, CustomerSdt) VALUES (498, 10, 94, 8, '2025-08-19 03:32:00', N'Đỗ Kỳ Thành', N'0971072563');
INSERT INTO dbo.[Order] (OrderId, UserID, ProId, OrderQuantity, OrderTime, CustomerName, CustomerSdt) VALUES (499, 10, 97, 7, '2025-09-09 15:37:00', N'Võ Minh Dũng', N'0350537599');
INSERT INTO dbo.[Order] (OrderId, UserID, ProId, OrderQuantity, OrderTime, CustomerName, CustomerSdt) VALUES (500, 10, 91, 1, '2025-11-10 18:47:00', N'Hồ Gia Long', N'0902809242');

SET IDENTITY_INSERT dbo.[Order] OFF;
GO
